Site,VLAN,Service,"	Bl Fo Mini Hubs"
BAR_G0155,,2G_scl,BAR_X0021
BAR_G0259,,2G_scl,BAR_X0176
BAR_G0259,,3G_scl,BAR_X0176
BAR_G0265,,2G_scl,BAR_X0206
BAR_G0265,,3G_scl,BAR_X0206
BAR_G0266,,2G_scl,BAR_X0174
BAR_G0276,,2G_scl,BAR_X0021
BAR_G0329,,2G_fhl,BAR_X0096
BAR_G0362,,2G_fhl,BAR_X0096
BAR_G0362,,3G_fhl,BAR_X0096
BAR_G0366,,2G_scl,BAR_X0176
BAR_G0366,,3G_scl,BAR_X0176
BAR_G0377,,2G_scl,BAR_X0206
BAR_G0377,,3G_scl,BAR_X0206
BAR_G0381,,2G_fhl,BAR_X0096
BAR_G0382,,2G_fhl,BAR_X0069
BAR_G0388,,2G_fhl,BAR_X0096
BAR_G0388,,3G_fhl,BAR_X0096
BAR_G0390,,2G_scl,BAR_X0176
BAR_G0390,,3G_scl,BAR_X0176
BAR_G0403,,2G_scl,BAR_X0174
BAR_G0413,,2G_scl,BAR_X0021
BAR_G0414,,2G_fhl,BAR_X0096
BAR_G0414,,3G_fhl,BAR_X0096
BAR_G0420,,2G_scl,BAR_X0174
BAR_G0484,,2G_fhl,BAR_X0096
BAR_G0484,,3G_fhl,BAR_X0096
BAR_G0489,,2G_scl,BAR_X0174
BAR_G0492,,2G_scl,BAR_X0021
BAR_G0496,,2G_scl,BAR_X0021
BAR_G0498,,2G_scl,BAR_X0174_1
BAR_G0500,,2G_scl,BAR_X0021
BAR_G0524,,2G_scl,BAR_X0206
BAR_G0524,,3G_scl,BAR_X0206
BAR_G0548,,2G_scl,BAR_X0174_2
BAR_G0577,,2G_scl,BAR_X0206
BAR_G0577,,3G_scl,BAR_X0206
BAR_R0404,,2G_scl,BAR_X0174
BAR_R0426,,2G_scl,BAR_X0174
BAR_R0468,,2G_fhl,BAR_X0096
BAR_R0468,,3G_fhl,BAR_X0096
BAR_R0510,,2G_scl,BAR_X0176
BAR_R0510,,3G_scl,BAR_X0176
BAR_R0595,,2G_scl,BAR_X0021
BAR_U0012,,3G_fhl,BAR_X0069
BAR_U0012,,OM_fhl,BAR_X0069
BAR_U0015,,3G_scl,BAR_X0021
BAR_U0015,,OM_scl,BAR_X0021
BAR_U0018,,3G_scl,BAR_X0021
BAR_U0018,,OM_scl,BAR_X0021
BAR_U0020,,3G_scl,BAR_X0021
BAR_U0020,,OM_scl,BAR_X0021
BAR_U0021,,3G_scl,BAR_X0021
BAR_U0021,,OM_scl,BAR_X0021
BAR_U0042,,3G_scl,BAR_X0021
BAR_U0042,,OM_scl,BAR_X0021
BAR_U0043,,3G_scl,BAR_X0021
BAR_U0043,,OM_scl,BAR_X0021
BAR_U0044,,3G_scl,BAR_X0174_1
BAR_U0044,,OM_scl,BAR_X0174_1
BAR_U0049,,3G_scl,BAR_X0174_2
BAR_U0049,,OM_scl,BAR_X0174_2
BAR_U0051,,3G_scl,BAR_X0174_1
BAR_U0051,,OM_scl,BAR_X0174_1
BAR_U0056,,3G_scl,BAR_X0021
BAR_U0056,,OM_scl,BAR_X0021
BAR_U0069,,3G_fhl,BAR_X0069
BAR_U0069,,OM_fhl,BAR_X0069
BAR_U0083,,3G_scl,BAR_X0021
BAR_U0083,,OM_scl,BAR_X0021
BAR_U0097,,3G_scl,BAR_X0174_1
BAR_U0097,,OM_scl,BAR_X0174_1
BAR_U0124,,3G_scl,BAR_X0174
BAR_U0124,,OM_scl,BAR_X0174
BAR_U0131,,3G_scl,BAR_X0174_2
BAR_U0131,,OM_scl,BAR_X0174_2
BAR_U0154,,3G_scl,BAR_X0021
BAR_U0154,,OM_scl,BAR_X0021
BAR_U0155,,3G_scl,BAR_X0021
BAR_U0155,,OM_scl,BAR_X0021
BAR_U0163,,3G_scl,BAR_X0174_1
BAR_U0163,,OM_scl,BAR_X0174_1
BAR_U0164,,3G_scl,BAR_X0174_1
BAR_U0164,,OM_scl,BAR_X0174_1
BAR_U0165,,3G_scl,BAR_X0174_1
BAR_U0165,,OM_scl,BAR_X0174_1
BAR_U0170,,3G_scl,BAR_X0021
BAR_U0170,,OM_scl,BAR_X0021
BAR_U0174,,3G_scl,BAR_X0174
BAR_U0174,,OM_scl,BAR_X0174
BAR_U0175,,3G_scl,BAR_X0021
BAR_U0175,,OM_scl,BAR_X0021
BAR_U0182,,3G_scl,BAR_X0174_1
BAR_U0182,,OM_scl,BAR_X0174_1
BAR_U0183,,3G_fhl,BAR_X0069
BAR_U0183,,OM_fhl,BAR_X0069
BAR_U0200,,3G_scl,BAR_X0174
BAR_U0200,,OM_scl,BAR_X0174
BAR_U0204,,3G_scl,BAR_X0174
BAR_U0204,,OM_scl,BAR_X0174
BAR_U0205,,3G_scl,BAR_X0174
BAR_U0205,,OM_scl,BAR_X0174
BAR_U0208,,3G_fhl,BAR_X0069
BAR_U0208,,OM_fhl,BAR_X0069
BAR_U0213,,3G_scl,BAR_X0174
BAR_U0213,,OM_scl,BAR_X0174
BAR_U0215,,3G_scl,BAR_X0021
BAR_U0215,,OM_scl,BAR_X0021
BAR_U0222,,3G_scl,BAR_X0021
BAR_U0222,,OM_scl,BAR_X0021
BAR_U0230,,3G_scl,BAR_X0021
BAR_U0230,,OM_scl,BAR_X0021
BAR_U0240,,3G_scl,BAR_X0021
BAR_U0240,,OM_scl,BAR_X0021
BAR_U0253,,3G_scl,BAR_X0174_1
BAR_U0253,,OM_scl,BAR_X0174_1
BAR_U0266,,3G_scl,BAR_X0174
BAR_U0266,,OM_scl,BAR_X0174
BAR_U0276,,3G_scl,BAR_X0021
BAR_U0276,,OM_scl,BAR_X0021
BAR_U0305,,3G_scl,BAR_X0174
BAR_U0305,,OM_scl,BAR_X0174
BAR_U0372,,3G_scl,BAR_X0021
BAR_U0372,,OM_scl,BAR_X0021
BAR_U0374,,3G_scl,BAR_X0021
BAR_U0374,,OM_scl,BAR_X0021
BAR_U0375,,3G_scl,BAR_X0021
BAR_U0375,,OM_scl,BAR_X0021
BAR_U0382,,3G_fhl,BAR_X0069
BAR_U0382,,OM_fhl,BAR_X0069
BAR_U0392,,3G_scl,BAR_X0174_1
BAR_U0392,,OM_scl,BAR_X0174_1
BAR_U0393,,3G_scl,BAR_X0174_1
BAR_U0393,,OM_scl,BAR_X0174_1
BAR_U0403,,3G_scl,BAR_X0174
BAR_U0403,,OM_scl,BAR_X0174
BAR_U0404,,3G_scl,BAR_X0174
BAR_U0404,,OM_scl,BAR_X0174
BAR_U0409,,3G_scl,BAR_X0174_1
BAR_U0409,,OM_scl,BAR_X0174_1
BAR_U0420,,3G_scl,BAR_X0174
BAR_U0420,,OM_scl,BAR_X0174
BAR_U0426,,3G_scl,BAR_X0174
BAR_U0426,,OM_scl,BAR_X0174
BAR_U0454,,3G_fhl,BAR_X0069
BAR_U0454,,OM_fhl,BAR_X0069
BAR_U0456,,3G_scl,BAR_X0174_1
BAR_U0456,,OM_scl,BAR_X0174_1
BAR_U0457,,3G_scl,BAR_X0174_1
BAR_U0457,,OM_scl,BAR_X0174_1
BAR_U0489,,3G_scl,BAR_X0174
BAR_U0489,,OM_scl,BAR_X0174
BAR_U0492,,3G_scl,BAR_X0021
BAR_U0492,,OM_scl,BAR_X0021
BAR_U0595,,3G_scl,BAR_X0021
BAR_U0595,,OM_scl,BAR_X0021
BAR_W0208,,2G_fhl,BAR_X0069
BAR_W0375,,2G_scl,BAR_X0021
BAR_W0407,,2G_scl,BAR_X0021
BAR_X0008,,2G_scl,BAR_X0008
BAR_X0008,,3G_scl,BAR_X0008
BAR_X0009,,2G_scl,BAR_X0111
BAR_X0009,,3G_scl,BAR_X0111
BAR_X0012,,2G_fhl,BAR_X0069
BAR_X0014,,2G_scl,BAR_X0174
BAR_X0014,,3G_scl,BAR_X0174
BAR_X0015,,2G_scl,BAR_X0021
BAR_X0018,,2G_scl,BAR_X0021
BAR_X0020,,2G_scl,BAR_X0021
BAR_X0020,,RTN_scl,BAR_X0021
BAR_X0021,,2G_scl,BAR_X0021
BAR_X0021,,RTN_scl,BAR_X0021
BAR_X0024,,2G_fhl,BAR_X0096
BAR_X0024,,3G_fhl,BAR_X0096
BAR_X0031,,2G_scl,BAR_X0121
BAR_X0031,,3G_scl,BAR_X0121
BAR_X0037,,2G_scl,BAR_X0206
BAR_X0038,,2G_scl,BAR_X0039
BAR_X0038,,3G_scl,BAR_X0039
BAR_X0039,,2G_scl,BAR_X0039
BAR_X0039,,3G_scl,BAR_X0039
BAR_X0040,,2G_scl,BAR_X0143
BAR_X0040,,3G_scl,BAR_X0143
BAR_X0041,,2G_scl,BAR_X0143
BAR_X0042,,2G_scl,BAR_X0021
BAR_X0043,,2G_scl,BAR_X0021
BAR_X0044,,2G_scl,BAR_X0174_1
BAR_X0049,,2G_scl,BAR_X0174_2
BAR_X0050,,2G_fhl,BAR_X0096
BAR_X0050,,3G_fhl,BAR_X0096
BAR_X0051,,2G_scl,BAR_X0174_1
BAR_X0055,,2G_scl,BAR_X0174
BAR_X0055,,3G_scl,BAR_X0174
BAR_X0056,,2G_scl,BAR_X0021
BAR_X0060,,2G_scl,BAR_X0143
BAR_X0060,,3G_scl,BAR_X0143
BAR_X0063,,2G_fhl,BAR_X0096
BAR_X0063,,3G_fhl,BAR_X0096
BAR_X0069,,2G_fhl,BAR_X0069
BAR_X0070,,2G_scl,BAR_X0039
BAR_X0070,,3G_scl,BAR_X0039
BAR_X0073,,2G_scl,BAR_X0128
BAR_X0073,,3G_scl,BAR_X0128
BAR_X0075,,2G_scl,BAR_X0143
BAR_X0075,,3G_scl,BAR_X0143
BAR_X0079,,2G_scl,BAR_X0119
BAR_X0079,,3G_scl,BAR_X0119
BAR_X0082,,2G_scl,BAR_X0082
BAR_X0082,,3G_scl,BAR_X0082
BAR_X0083,,2G_scl,BAR_X0021
BAR_X0091,,2G_scl,BAR_X0119
BAR_X0091,,3G_scl,BAR_X0119
BAR_X0092,,2G_scl,BAR_X0121
BAR_X0092,,3G_scl,BAR_X0121
BAR_X0093,,2G_scl,BAR_X0111
BAR_X0093,,3G_scl,BAR_X0111
BAR_X0094,,2G_scl,BAR_X0008
BAR_X0094,,3G_scl,BAR_X0008
BAR_X0096,,2G_fhl,BAR_X0096
BAR_X0096,,3G_fhl,BAR_X0096
BAR_X0097,,2G_scl,BAR_X0174_1
BAR_X0098,,2G_scl,BAR_X0098
BAR_X0098,,3G_scl,BAR_X0098
BAR_X0099,,2G_scl,BAR_X0234
BAR_X0099,,3G_scl,BAR_X0234
BAR_X0104,,2G_scl,BAR_X0234
BAR_X0104,,3G_scl,BAR_X0234
BAR_X0110,,2G_scl,BAR_X0008
BAR_X0111,,2G_scl,BAR_X0111
BAR_X0111,,3G_scl,BAR_X0111
BAR_X0112,,2G_scl,BAR_X0112
BAR_X0113,,2G_scl,BAR_X0119
BAR_X0113,,3G_scl,BAR_X0119
BAR_X0117,,2G_scl,BAR_X0008
BAR_X0119,,2G_scl,BAR_X0119
BAR_X0121,,2G_scl,BAR_X0121
BAR_X0121,,3G_scl,BAR_X0121
BAR_X0123,,2G_scl,BAR_X0111
BAR_X0123,,3G_scl,BAR_X0111
BAR_X0124,,2G_scl,BAR_X0174
BAR_X0125,,2G_scl,BAR_X0125
BAR_X0125,,3G_scl,BAR_X0125
BAR_X0128,,2G_scl,BAR_X0128
BAR_X0131,,2G_scl,BAR_X0174_2
BAR_X0136,,2G_scl,BAR_X0125
BAR_X0136,,3G_scl,BAR_X0125
BAR_X0137,,2G_scl,BAR_X0125
BAR_X0137,,3G_scl,BAR_X0125
BAR_X0143,,2G_scl,BAR_X0143
BAR_X0143,,3G_scl,BAR_X0143
BAR_X0152,,2G_scl,BAR_X0143
BAR_X0152,,3G_scl,BAR_X0143
BAR_X0154,,2G_scl,BAR_X0021
BAR_X0159,,2G_fhl,BAR_X0096
BAR_X0159,,3G_fhl,BAR_X0096
BAR_X0160,,2G_fhl,BAR_X0096
BAR_X0160,,3G_fhl,BAR_X0096
BAR_X0161,,2G_fhl,BAR_X0096
BAR_X0161,,3G_fhl,BAR_X0096
BAR_X0163,,2G_scl,BAR_X0174_1
BAR_X0164,,2G_scl,BAR_X0174_1
BAR_X0165,,2G_scl,BAR_X0174_1
BAR_X0170,,2G_scl,BAR_X0021
BAR_X0174,,2G_scl,BAR_X0174
BAR_X0174,,RTN_scl,BAR_X0174
BAR_X0175,,2G_scl,BAR_X0021
BAR_X0176,,2G_scl,BAR_X0176
BAR_X0180,,2G_scl,BAR_X0143
BAR_X0180,,3G_scl,BAR_X0143
BAR_X0182,,2G_scl,BAR_X0174_1
BAR_X0183,,2G_fhl,BAR_X0069
BAR_X0184,,2G_fhl,BAR_X0096
BAR_X0184,,3G_fhl,BAR_X0096
BAR_X0189,,2G_scl,BAR_X0189
BAR_X0189,,3G_scl,BAR_X0189
BAR_X0193,,2G_scl,BAR_X0128
BAR_X0193,,3G_scl,BAR_X0128
BAR_X0194,,2G_fhl,BAR_X0096
BAR_X0194,,3G_fhl,BAR_X0096
BAR_X0195,,2G_scl,BAR_X0234
BAR_X0195,,3G_scl,BAR_X0234
BAR_X0200,,2G_scl,BAR_X0174
BAR_X0202,,2G_scl,BAR_X0176
BAR_X0202,,3G_scl,BAR_X0176
BAR_X0204,,2G_scl,BAR_X0174
BAR_X0205,,2G_scl,BAR_X0174
BAR_X0206,,2G_scl,BAR_X0206
BAR_X0213,,2G_scl,BAR_X0174
BAR_X0213,,RTN_scl,BAR_X0174
BAR_X0214,,2G_scl,BAR_X0008
BAR_X0214,,3G_scl,BAR_X0008
BAR_X0215,,2G_scl,BAR_X0021
BAR_X0222,,2G_scl,BAR_X0021
BAR_X0230,,2G_scl,BAR_X0021
BAR_X0230,,RTN_scl,BAR_X0021
BAR_X0234,,2G_scl,BAR_X0234
BAR_X0235,,2G_scl,BAR_X0206
BAR_X0235,,3G_scl,BAR_X0206
BAR_X0240,,2G_scl,BAR_X0021
BAR_X0253,,2G_scl,BAR_X0174_1
BAR_X0259,,2G_scl,BAR_X0143
BAR_X0259,,3G_scl,BAR_X0143
BAR_X0260,,2G_scl,BAR_X0039
BAR_X0260,,3G_scl,BAR_X0039
BAR_X0265,,2G_scl,BAR_X0234
BAR_X0265,,3G_scl,BAR_X0234
BAR_X0272,,2G_scl,BAR_X0112
BAR_X0272,,3G_scl,BAR_X0112
BAR_X0305,,2G_scl,BAR_X0174
BAR_X0310,,2G_scl,BAR_X0125
BAR_X0317,,2G_scl,BAR_X0176
BAR_X0317,,3G_scl,BAR_X0176
BAR_X0323,,2G_scl,BAR_X0125
BAR_X0323,,3G_scl,BAR_X0125
BAR_X0328,,2G_scl,BAR_X0125
BAR_X0328,,3G_scl,BAR_X0125
BAR_X0344,,2G_scl,BAR_X0189
BAR_X0359,,2G_scl,BAR_X0119
BAR_X0359,,3G_scl,BAR_X0119
BAR_X0360,,2G_scl,BAR_X0112
BAR_X0360,,3G_scl,BAR_X0112
BAR_X0361,,2G_scl,BAR_X0082
BAR_X0361,,3G_scl,BAR_X0082
BAR_X0363,,2G_scl,BAR_X0234
BAR_X0366,,2G_scl,BAR_X0143
BAR_X0366,,3G_scl,BAR_X0143
BAR_X0372,,2G_scl,BAR_X0021
BAR_X0373,,2G_scl,BAR_X0039
BAR_X0374,,2G_scl,BAR_X0021
BAR_X0377,,2G_scl,BAR_X0234
BAR_X0377,,3G_scl,BAR_X0234
BAR_X0380,,2G_fhl,BAR_X0096
BAR_X0387,,2G_scl,BAR_X0082
BAR_X0390,,2G_scl,BAR_X0143
BAR_X0390,,3G_scl,BAR_X0143
BAR_X0392,,2G_scl,BAR_X0174_1
BAR_X0393,,2G_scl,BAR_X0174_1
BAR_X0396,,2G_scl,BAR_X0143
BAR_X0396,,3G_scl,BAR_X0143
BAR_X0405,,2G_scl,BAR_X0189
BAR_X0405,,3G_scl,BAR_X0189
BAR_X0409,,2G_scl,BAR_X0174_1
BAR_X0418,,2G_scl,BAR_X0143
BAR_X0418,,3G_scl,BAR_X0143
BAR_X0421,,2G_scl,BAR_X0112
BAR_X0421,,3G_scl,BAR_X0112
BAR_X0425,,2G_scl,BAR_X0143
BAR_X0425,,3G_scl,BAR_X0143
BAR_X0428,,2G_scl,BAR_X0021
BAR_X0430,,2G_scl,BAR_X0121
BAR_X0430,,3G_scl,BAR_X0121
BAR_X0454,,2G_fhl,BAR_X0069
BAR_X0456,,2G_scl,BAR_X0174_1
BAR_X0457,,2G_scl,BAR_X0174_1
BAR_X0461,,2G_scl,BAR_X0189
BAR_X0461,,3G_scl,BAR_X0189
BAR_X0463,,2G_scl,BAR_X0098
BAR_X0463,,3G_scl,BAR_X0098
BAR_X0465,,2G_scl,BAR_X0121
BAR_X0465,,3G_scl,BAR_X0121
BAR_X0485,,2G_scl,BAR_X0189
BAR_X0485,,3G_scl,BAR_X0189
BAR_X0486,,2G_scl,BAR_X0121
BAR_X0486,,3G_scl,BAR_X0121
BAR_X0488,,2G_scl,BAR_X0125
BAR_X0488,,3G_scl,BAR_X0125
BAR_X0501,,2G_scl,BAR_X0039
BAR_X0501,,3G_scl,BAR_X0039
BAR_X0507,,2G_scl,BAR_X0234
BAR_X0507,,3G_scl,BAR_X0234
BAR_X0524,,2G_scl,BAR_X0234
BAR_X0524,,3G_scl,BAR_X0234
BAR_X0526,,2G_scl,BAR_X0125
BAR_X0526,,3G_scl,BAR_X0125
BAR_X0527,,2G_scl,BAR_X0098
BAR_X0527,,3G_scl,BAR_X0098
BAR_X0528,,2G_scl,BAR_X0125
BAR_X0528,,3G_scl,BAR_X0125
BAR_X0532,,2G_scl,BAR_X0234
BAR_X0532,,3G_scl,BAR_X0234
BAR_X0537,,2G_scl,BAR_X0098
BAR_X0562,,2G_scl,BAR_X0121
BAR_X0565,,2G_scl,BAR_X0111
BAR_X9801,,2G_scl,BAR_X0111
BAR_X9801,,3G_scl,BAR_X0111
BTRM01,,2G_scl,CTG_X0776
CTG_B0350,,2G_scl,CTG_X0762
CTG_B0350,,3G_scl,CTG_X0762
CTG_B0569,,2G_fhl,CTG_B0569
CTG_B0569,,3G_fhl,CTG_B0569
CTG_B0570,,2G_fhl,CTG_B0570
CTG_B0570,,3G_fhl,CTG_B0570
CTG_B1409,,2G_fhl,CTG_B1409
CTG_B1409,,3G_fhl,CTG_B1409
CTG_B1419,,2G_fhl,CTG_B1419
CTG_B1473_1,,2G_fhl,CTG_X0048
CTG_B1476,,2G_scl,CTG_X0762
CTG_B1476,,3G_scl,CTG_X0762
CTG_B2236,,2G_fhl,CTG_B2236
CTG_B2338,,2G_fhl,"CTG_X0609 "
CTG_C18240,,2G_scl,CTG_X1602
CTG_C18240,,3G_scl,CTG_X1602
CTG_G0337,,2G_scl,CTG_X0519
CTG_G0397,,2G_scl,CTG_X0039
CTG_G1240,,2G_scl,CTG_X0645
CTG_G1240,,3G_scl,CTG_X0645
CTG_G1252,,2G_scl,CTG_X0247
CTG_G1256,,2G_scl,CTG_X0438
CTG_G1256,,3G_scl,CTG_X0438
CTG_G1266,,2G_scl,CTG_X0247
CTG_G1267,,2G_scl,CTG_X0247
CTG_G1272,,2G_scl,CTG_X0484
CTG_G1272,,3G_scl,CTG_X0484
CTG_G1277,,2G_scl,CTG_X0484
CTG_G1277,,3G_scl,CTG_X0484
CTG_G1280,,2G_scl,CTG_X0248
CTG_G1284,,2G_scl,CTG_X0247
CTG_G13430,,2G_scl,CTG_X1602
CTG_G13430,,3G_scl,CTG_X1602
CTG_G1369,,2G_scl,CTG_X0419
CTG_G1395,,2G_scl,CTG_X0513
CTG_G2006,,2G_scl,CTG_X0247
CTG_M0286,,2G_scl,CTG_X0519
CTG_M0529,,2G_fhl,CTG_M0529
CTG_M0529,,3G_fhl,CTG_M0529
CTG_M1029,,2G_fhl,CTG_M1029
CTG_M1030,,2G_fhl,CTG_M1029
CTG_M1030,,3G_fhl,CTG_M1029
CTG_M14180,,2G_fhl,CTG_X1588
CTG_M14180,,3G_fhl,CTG_X1588
CTG_M1425,,2G_fhl,CTG_M1425
CTG_M1425,,3G_fhl,CTG_M1425
CTG_M1427,,2G_fhl,"CTG_X0005 "
CTG_M1427,,3G_fhl,"CTG_X0005 "
CTG_R0021,,2G_scl,CTG_X0438
CTG_R0021,,3G_scl,CTG_X0438
CTG_R1184,,2G_scl,CTG_X0438
CTG_R1184,,3G_scl,CTG_X0438
CTG_R1190,,2G_scl,CTG_X0359
CTG_R1775,,2G_scl,CTG_R1775
CTG_R1775,,3G_scl,CTG_R1775
CTG_R1888,,2G_scl,CTG_X0484
CTG_R1888,,3G_scl,CTG_X0484
CTG_R1902,,2G_scl,CTG_X0438
CTG_R1902,,3G_scl,CTG_X0438
CTG_R19630,,2G_scl,CTG_X0652
CTG_R19630,,3G_scl,CTG_X0652
CTG_R2072,,2G_fhl,CTG_X1752
CTG_R2072,,3G_fhl,CTG_X1752
CTG_R2077,,2G_fhl,CTG_X1389
CTG_R2103,,2G_scl,"CTG_X0692 "
CTG_R2103,,3G_scl,"CTG_X0692 "
CTG_R2215,,2G_fhl,"CTG_X0002 "
CTG_R2215,,3G_fhl,"CTG_X0002 "
CTG_RX0375,,2G_fhl,CTG_X0007
CTG_RX0375,,3G_fhl,CTG_X0007
CTG_U0017,,3G_scl,CTG_X0519
CTG_U0017,,OM_scl,CTG_X0519
CTG_U0039,,3G_scl,CTG_X0039
CTG_U0039,,OM_scl,CTG_X0039
CTG_U0090,,3G_scl,CTG_X0090
CTG_U0090,,OM_scl,CTG_X0090
CTG_U0106,,3G_scl,CTG_X0419
CTG_U0106,,OM_scl,CTG_X0419
CTG_U0247,,3G_scl,CTG_X0247
CTG_U0247,,OM_scl,CTG_X0247
CTG_U0248,,3G_scl,CTG_X0248
CTG_U0248,,OM_scl,CTG_X0248
CTG_U0252,,3G_scl,CTG_X0419
CTG_U0252,,OM_scl,CTG_X0419
CTG_U0273,,3G_scl,CTG_X0247
CTG_U0273,,OM_scl,CTG_X0247
CTG_U0286,,3G_scl,CTG_X0519
CTG_U0286,,OM_scl,CTG_X0519
CTG_U0327,,3G_scl,CTG_X0519
CTG_U0327,,OM_scl,CTG_X0519
CTG_U0337,,3G_scl,CTG_X0519
CTG_U0337,,OM_scl,CTG_X0519
CTG_U0347,,3G_scl,CTG_X0247
CTG_U0347,,OM_scl,CTG_X0247
CTG_U0359,,3G_scl,CTG_X0359
CTG_U0359,,OM_scl,CTG_X0359
CTG_U0397,,3G_scl,CTG_X0039
CTG_U0397,,OM_scl,CTG_X0039
CTG_U0409,,3G_scl,CTG_X1391
CTG_U0409,,OM_scl,CTG_X1391
CTG_U0419,,3G_scl,CTG_X0419
CTG_U0419,,OM_scl,CTG_X0419
CTG_U0467,,3G_scl,CTG_X1391
CTG_U0467,,OM_scl,CTG_X1391
CTG_U0513,,3G_scl,CTG_X0513
CTG_U0513,,OM_scl,CTG_X0513
CTG_U0519,,3G_scl,CTG_X0519
CTG_U0519,,OM_scl,CTG_X0519
CTG_U0680,,3G_scl,CTG_X0039
CTG_U0680,,OM_scl,CTG_X0039
CTG_U0689,,3G_scl,CTG_X0090
CTG_U0689,,OM_scl,CTG_X0090
CTG_U0706,,3G_scl,CTG_X0248
CTG_U0706,,OM_scl,CTG_X0248
CTG_U0711,,3G_scl,CTG_X0247
CTG_U0711,,OM_scl,CTG_X0247
CTG_U0907,,3G_scl,CTG_X0247
CTG_U0907,,OM_scl,CTG_X0247
CTG_U1170,,3G_scl,CTG_X1391
CTG_U1170,,OM_scl,CTG_X1391
CTG_U1187,,3G_scl,CTG_X0513
CTG_U1187,,OM_scl,CTG_X0513
CTG_U1190,,3G_scl,CTG_X0359
CTG_U1190,,OM_scl,CTG_X0359
CTG_U1252,,3G_scl,CTG_X0247
CTG_U1252,,OM_scl,CTG_X0247
CTG_U1266,,3G_scl,CTG_X0247
CTG_U1266,,OM_scl,CTG_X0247
CTG_U1267,,3G_scl,CTG_X0247
CTG_U1267,,OM_scl,CTG_X0247
CTG_U1280,,3G_scl,CTG_X0248
CTG_U1280,,OM_scl,CTG_X0248
CTG_U1284,,3G_scl,CTG_X0247
CTG_U1284,,OM_scl,CTG_X0247
CTG_U1313,,3G_scl,CTG_X0248
CTG_U1313,,OM_scl,CTG_X0248
CTG_U1369,,3G_scl,CTG_X0419
CTG_U1369,,OM_scl,CTG_X0419
CTG_U1382,,3G_scl,CTG_X0359
CTG_U1382,,OM_scl,CTG_X0359
CTG_U1386,,3G_scl,CTG_X1391
CTG_U1386,,OM_scl,CTG_X1391
CTG_U1390,,3G_scl,CTG_X0248
CTG_U1390,,OM_scl,CTG_X0248
CTG_U1391,,3G_scl,CTG_X1391
CTG_U1391,,OM_scl,CTG_X1391
CTG_U1395,,3G_scl,CTG_X0513
CTG_U1395,,OM_scl,CTG_X0513
CTG_U1554,,3G_scl,CTG_X0247
CTG_U1554,,OM_scl,CTG_X0247
CTG_U1610,,3G_scl,CTG_X0247
CTG_U1610,,OM_scl,CTG_X0247
CTG_U1643,,3G_scl,CTG_X0247
CTG_U1643,,OM_scl,CTG_X0247
CTG_U1851,,3G_scl,CTG_X0419
CTG_U1851,,OM_scl,CTG_X0419
CTG_U2006,,3G_scl,CTG_X0247
CTG_U2006,,OM_scl,CTG_X0247
CTG_UR2070,,2G_scl,CTG_X0359
CTG_UR2070,,3G_scl,CTG_X0359
CTG_UR2097,,3G_scl,CTG_X0359
CTG_UR2097,,OM_scl,CTG_X0359
CTG_UR2128,,2G_fhl,CTG_X0516
CTG_UR2128,,3G_fhl,CTG_X0516
CTG_UR2191,,3G_scl,CTG_X0359
CTG_UR2191,,OM_scl,CTG_X0359
CTG_UR2204,,3G_scl,CTG_X0513
CTG_UR2204,,OM_scl,CTG_X0513
CTG_UR2328,,3G_scl,CTG_X0359
CTG_UR2328,,OM_scl,CTG_X0359
CTG_UR2329,,3G_scl,CTG_X0359
CTG_UR2329,,OM_scl,CTG_X0359
CTG_V1419,,3G_fhl,CTG_B1419
CTG_V1419,,OM_fhl,CTG_B1419
CTG_V2236,,3G_fhl,CTG_B2236
CTG_V2236,,OM_fhl,CTG_B2236
CTG_W0035,,2G_scl,"CTG_X0692 "
CTG_W0035,,3G_scl,"CTG_X0692 "
CTG_W0252,,2G_scl,CTG_X0419
CTG_W1774,,RTN_scl,CTG_X0274
CTG_W1851,,2G_scl,CTG_X0419
CTG_W1891,,2G_scl,CTG_X0484
CTG_W1891,,3G_scl,CTG_X0484
CTG_X0001,,2G_fhl,CTG_X0001
CTG_X0002,,2G_fhl,CTG_X0002
CTG_X0004,,2G_fhl,CTG_X0004
CTG_X0005,,2G_fhl,CTG_X0005
CTG_X0005,,3G_fhl,CTG_X0005
CTG_X0006,,2G_fhl,CTG_X0055
CTG_X0006,,3G_fhl,CTG_X0055
CTG_X0007,,2G_fhl,CTG_X0007
CTG_X0008,,2G_fhl,CTG_X0008
CTG_X0008,,3G_fhl,CTG_X0008
CTG_X0011,,2G_scl,CTG_X0081
CTG_X0011,,3G_scl,CTG_X0081
CTG_X0012,,2G_fhl,CTG_X0012
CTG_X0012,,3G_fhl,CTG_X0012
CTG_X0014,,2G_fhl,CTG_X0014
CTG_X0015,,2G_fhl,CTG_X0015
CTG_X0015,,3G_fhl,CTG_X0015
CTG_X0016,,2G_scl,CTG_X0480
CTG_X00160,,2G_scl,CTG_X1602
CTG_X00160,,3G_scl,CTG_X1602
CTG_X0017,,2G_scl,CTG_X0519
CTG_X0019,,2G_scl,CTG_X0019
CTG_X0019,,3G_scl,CTG_X0019
CTG_X0020,,2G_fhl,CTG_X0004
CTG_X0020,,3G_fhl,CTG_X0004
CTG_X0022,,2G_scl,CTG_X0378
CTG_X0023,,2G_fhl,CTG_X0041
CTG_X0023,,3G_fhl,CTG_X0041
CTG_X0024,,2G_fhl,CTG_X0763
CTG_X0024,,3G_fhl,CTG_X0763
CTG_X0025,,2G_scl,CTG_X0480
CTG_X0025,,3G_scl,CTG_X0480
CTG_X0028,,2G_fhl,CTG_X0028
CTG_X0028,,3G_fhl,CTG_X0028
CTG_X0029,,2G_fhl,CTG_X0743
CTG_X0029,,3G_fhl,CTG_X0743
CTG_X0030,,2G_scl,CTG_X0120
CTG_X0030,,3G_scl,CTG_X0120
CTG_X0031,,2G_scl,CTG_X0517
CTG_X0031,,3G_scl,CTG_X0517
CTG_X0032,,2G_scl,CTG_X0517
CTG_X0032,,3G_scl,CTG_X0517
CTG_X0034,,2G_scl,CTG_X0685
CTG_X0034,,3G_scl,CTG_X0685
CTG_X0035,,2G_scl,CTG_X0094
CTG_X0035,,3G_scl,CTG_X0094
CTG_X0037,,2G_scl,CTG_X0037
CTG_X0038,,2G_scl,CTG_X0088
CTG_X0038,,3G_scl,CTG_X0088
CTG_X0039,,2G_scl,CTG_X0039
CTG_X0041,,2G_fhl,CTG_X0041
CTG_X0043,,2G_fhl,CTG_X0043
CTG_X0043,,3G_fhl,CTG_X0043
CTG_X0044,,2G_fhl,CTG_X0491
CTG_X0044,,3G_fhl,CTG_X0491
CTG_X0047,,2G_scl,CTG_X0073
CTG_X0047,,3G_scl,CTG_X0073
CTG_X0048,,2G_fhl,CTG_X0048
CTG_X0048,,3G_fhl,CTG_X0048
CTG_X0049,,2G_scl,CTG_X0378
CTG_X0049,,3G_scl,CTG_X0378
CTG_X0051,,2G_fhl,CTG_X0051
CTG_X0051,,3G_fhl,CTG_X0051
CTG_X0052,,2G_scl,CTG_X0052
CTG_X0052,,3G_scl,CTG_X0052
CTG_X0053,,2G_fhl,CTG_X0376
CTG_X0053,,3G_fhl,CTG_X0376
CTG_X0055,,2G_fhl,CTG_X0055
CTG_X0056,,2G_fhl,CTG_X1186
CTG_X0056,,3G_fhl,CTG_X1186
CTG_X0057,,2G_fhl,CTG_X0731
CTG_X0057,,3G_fhl,CTG_X0731
CTG_X0058,,2G_scl,CTG_X1562
CTG_X0058,,3G_scl,CTG_X1562
CTG_X0060,,2G_scl,CTG_X1966
CTG_X0060,,3G_scl,CTG_X1966
CTG_X0061,,2G_fhl,CTG_X0376
CTG_X0061,,3G_fhl,CTG_X0376
CTG_X0062,,2G_scl,CTG_X0062
CTG_X0062,,3G_scl,CTG_X0062
CTG_X0064,,2G_fhl,CTG_X0079
CTG_X0064,,3G_fhl,CTG_X0079
CTG_X0066,,2G_fhl,CTG_X1076
CTG_X0066,,3G_fhl,CTG_X1076
CTG_X0068,,2G_scl,CTG_X1174
CTG_X0069,,2G_fhl,CTG_X0609
CTG_X0069,,3G_fhl,CTG_X0609
CTG_X0070,,2G_fhl,CTG_X0079
CTG_X0070,,3G_fhl,CTG_X0079
CTG_X0072,,2G_fhl,CTG_X0216
CTG_X0072,,3G_fhl,CTG_X0216
CTG_X0073,,2G_scl,CTG_X0073
CTG_X0073,,3G_scl,CTG_X0073
CTG_X0074,,2G_fhl,CTG_X0077
CTG_X0074,,3G_fhl,CTG_X0077
CTG_X0077,,2G_fhl,CTG_X0077
CTG_X0077,,3G_fhl,CTG_X0077
CTG_X0078,,2G_scl,CTG_X0601
CTG_X0078,,3G_scl,CTG_X0601
CTG_X0079,,2G_fhl,CTG_X0079
CTG_X0079,,3G_fhl,CTG_X0079
CTG_X0080,,2G_scl,CTG_X0610
CTG_X0080,,3G_scl,CTG_X0610
CTG_X0081,,2G_scl,CTG_X0081
CTG_X0081,,3G_scl,CTG_X0081
CTG_X0082,,2G_scl,CTG_X0082
CTG_X0084,,2G_scl,CTG_X0370
CTG_X0084,,3G_scl,CTG_X0370
CTG_X0085,,2G_fhl,CTG_X0728
CTG_X0085,,3G_fhl,CTG_X0728
CTG_X0086,,2G_scl,CTG_X0086
CTG_X0086,,3G_scl,CTG_X0086
CTG_X0087,,2G_scl,CTG_X0094
CTG_X0087,,3G_scl,CTG_X0094
CTG_X0088,,2G_scl,CTG_X0088
CTG_X0088,,3G_scl,CTG_X0088
CTG_X0090,,2G_scl,CTG_X0090
CTG_X0090,,RTN_scl,CTG_X0090
CTG_X0092,,2G_scl,CTG_X0092
CTG_X0092,,3G_scl,CTG_X0092
CTG_X0093,,2G_scl,CTG_X0092
CTG_X0094,,2G_scl,CTG_X0094
CTG_X0094,,3G_scl,CTG_X0094
CTG_X0095,,2G_scl,CTG_X0097
CTG_X0095,,3G_scl,CTG_X0097
CTG_X0097,,2G_scl,CTG_X0097
CTG_X0101,,2G_scl,CTG_X0517
CTG_X0101,,3G_scl,CTG_X0517
CTG_X0102,,2G_scl,CTG_X0517
CTG_X0102,,3G_scl,CTG_X0517
CTG_X0104,,2G_scl,CTG_X0109
CTG_X0104,,3G_scl,CTG_X0109
CTG_X0105,,2G_scl,CTG_X0523
CTG_X0105,,3G_scl,CTG_X0523
CTG_X0106,,2G_scl,CTG_X0419
CTG_X0109,,2G_scl,CTG_X0109
CTG_X0109,,3G_scl,CTG_X0109
CTG_X0117,,2G_scl,CTG_X0480
CTG_X0117,,3G_scl,CTG_X0480
CTG_X0118,,2G_scl,CTG_X0118
CTG_X0118,,3G_scl,CTG_X0118
CTG_X0119,,2G_scl,CTG_X0120
CTG_X0119,,3G_scl,CTG_X0120
CTG_X0120,,2G_scl,CTG_X0120
CTG_X0120,,3G_scl,CTG_X0120
CTG_X0121,,2G_scl,CTG_X0122
CTG_X0121,,3G_scl,CTG_X0122
CTG_X0122,,2G_scl,CTG_X0122
CTG_X0122,,3G_scl,CTG_X0122
CTG_X0123,,2G_scl,CTG_X0517_1
CTG_X0123,,3G_scl,CTG_X0517_1
CTG_X0126,,2G_scl,CTG_X0520
CTG_X0126,,3G_scl,CTG_X0520
CTG_X0130,,2G_fhl,CTG_X0730
CTG_X0130,,3G_fhl,CTG_X0730
CTG_X0132,,2G_fhl,CTG_X0132
CTG_X0132,,3G_fhl,CTG_X0132
CTG_X0133,,2G_fhl,CTG_X0132
CTG_X0133,,3G_fhl,CTG_X0132
CTG_X0134,,2G_fhl,CTG_X0763
CTG_X0134,,3G_fhl,CTG_X0763
CTG_X0137,,2G_fhl,CTG_X0547
CTG_X0137,,3G_fhl,CTG_X0547
CTG_X0138,,2G_scl,CTG_X1157
CTG_X0138,,3G_scl,CTG_X1157
CTG_X0139,,2G_fhl,CTG_X0139
CTG_X0142,,2G_fhl,CTG_X0028
CTG_X0142,,3G_fhl,CTG_X0028
CTG_X0145,,2G_fhl,CTG_X0147
CTG_X0145,,3G_fhl,CTG_X0147
CTG_X0146,,2G_fhl,CTG_X0146
CTG_X0147,,2G_fhl,CTG_X0147
CTG_X0147,,3G_fhl,CTG_X0147
CTG_X0153,,2G_fhl,CTG_X0609
CTG_X0153,,3G_fhl,CTG_X0609
CTG_X0159,,2G_scl,CTG_X9027
CTG_X0159,,3G_scl,CTG_X9027
CTG_X0161,,2G_scl,CTG_X0927
CTG_X0161,,3G_scl,CTG_X0927
CTG_X0162,,2G_scl,CTG_X0601
CTG_X0162,,3G_scl,CTG_X0601
CTG_X0163,,2G_fhl,CTG_X0163
CTG_X0167,,2G_fhl,CTG_X0004
CTG_X0167,,3G_fhl,CTG_X0004
CTG_X01670,,2G_fhl,CTG_X0004
CTG_X01670,,3G_fhl,CTG_X0004
CTG_X0185,,2G_fhl,CTG_X1076
CTG_X0185,,3G_fhl,CTG_X1076
CTG_X0215,,2G_fhl,CTG_X1389
CTG_X0215,,3G_fhl,CTG_X1389
CTG_X0216,,2G_fhl,CTG_X0216
CTG_X0230,,2G_scl,CTG_X0828
CTG_X0230,,3G_scl,CTG_X0828
CTG_X0231,,2G_scl,CTG_X0881
CTG_X0231,,3G_scl,CTG_X0881
CTG_X0232,,2G_scl,CTG_X0850
CTG_X0232,,3G_scl,CTG_X0850
CTG_X0240,,2G_scl,CTG_X0240
CTG_X0240,,3G_scl,CTG_X0240
CTG_X0242,,2G_fhl,CTG_X0242
CTG_X0242,,3G_fhl,CTG_X0242
CTG_X0246,,2G_fhl,CTG_X0488
CTG_X0246,,3G_fhl,CTG_X0488
CTG_X0247,,2G_scl,CTG_X0247
CTG_X0248,,2G_scl,CTG_X0248
CTG_X0259,,2G_scl,CTG_X0800
CTG_X0259,,3G_scl,CTG_X0800
CTG_X0261,,2G_scl,CTG_X0517_1
CTG_X0261,,3G_scl,CTG_X0517_1
CTG_X0264,,2G_scl,CTG_X0517_1
CTG_X0264,,3G_scl,CTG_X0517_1
CTG_X0265,,2G_scl,CTG_X0509
CTG_X0265,,3G_scl,CTG_X0509
CTG_X0268,,2G_scl,CTG_X0656
CTG_X0268,,3G_scl,CTG_X0656
CTG_X0269,,2G_scl,CTG_X0828
CTG_X0269,,3G_scl,CTG_X0828
CTG_X0273,,2G_scl,CTG_X0247
CTG_X0274,,2G_scl,CTG_X0274
CTG_X0274,,3G_scl,CTG_X0274
CTG_X0275,,2G_scl,CTG_X0274
CTG_X0275,,3G_scl,CTG_X0274
CTG_X0276,,2G_fhl,CTG_X0500
CTG_X0276,,3G_fhl,CTG_X0500
CTG_X0277,,2G_scl,CTG_X0277
CTG_X0277,,3G_scl,CTG_X0277
CTG_X0291,,2G_scl,CTG_X0120
CTG_X0291,,3G_scl,CTG_X0120
CTG_X0292,,2G_scl,CTG_X0118
CTG_X0292,,3G_scl,CTG_X0118
CTG_X0293,,2G_scl,CTG_X0118
CTG_X0293,,3G_scl,CTG_X0118
CTG_X0295,,2G_fhl,CTG_X0627
CTG_X0295,,3G_fhl,CTG_X0627
CTG_X0300,,2G_scl,CTG_X0300
CTG_X0300,,3G_scl,CTG_X0300
CTG_X0301,,2G_scl,CTG_X1084
CTG_X0301,,3G_scl,CTG_X1084
CTG_X0303,,2G_fhl,CTG_X1035
CTG_X0303,,3G_fhl,CTG_X1035
CTG_X0304,,2G_fhl,CTG_X0139
CTG_X0304,,3G_fhl,CTG_X0139
CTG_X0306,,2G_fhl,CTG_X0048
CTG_X0306,,3G_fhl,CTG_X0048
CTG_X0307,,2G_fhl,CTG_X1035
CTG_X0307,,3G_fhl,CTG_X1035
CTG_X0309,,2G_scl,CTG_X0277
CTG_X0309,,3G_scl,CTG_X0277
CTG_X0312,,2G_scl,CTG_X0118
CTG_X0313,,2G_scl,CTG_X0517
CTG_X0313,,3G_scl,CTG_X0517
CTG_X0317,,2G_scl,CTG_X0317
CTG_X0317,,3G_scl,CTG_X0317
CTG_X0320,,2G_fhl,CTG_X0008
CTG_X0320,,3G_fhl,CTG_X0008
CTG_X0325,,2G_fhl,CTG_X0487
CTG_X0325,,3G_fhl,CTG_X0487
CTG_X0326,,2G_scl,CTG_X0052
CTG_X0326,,3G_scl,CTG_X0052
CTG_X0327,,2G_scl,CTG_X0519
CTG_X0329,,2G_scl,CTG_X1535
CTG_X0329,,3G_scl,CTG_X1535
CTG_X0330,,2G_fhl,CTG_X1588
CTG_X0330,,3G_fhl,CTG_X1588
CTG_X0332,,2G_scl,CTG_X0109
CTG_X0332,,3G_scl,CTG_X0109
CTG_X0335,,2G_fhl,CTG_X0139
CTG_X0335,,3G_fhl,CTG_X0139
CTG_X0345,,2G_fhl,CTG_X0132
CTG_X0345,,3G_fhl,CTG_X0132
CTG_X0346,,2G_fhl,CTG_X0703
CTG_X0346,,3G_fhl,CTG_X0703
CTG_X0347,,2G_scl,CTG_X0247
CTG_X0348,,2G_fhl,CTG_X0005
CTG_X0348,,3G_fhl,CTG_X0005
CTG_X0351,,2G_fhl,CTG_X0351
CTG_X0351,,3G_fhl,CTG_X0351
CTG_X0353,,2G_scl,CTG_X0118
CTG_X0353,,3G_scl,CTG_X0118
CTG_X0355,,2G_fhl,CTG_X0139
CTG_X0355,,3G_fhl,CTG_X0139
CTG_X0356,,2G_fhl,CTG_X0139
CTG_X0356,,3G_fhl,CTG_X0139
CTG_X0357,,2G_fhl,CTG_X1035
CTG_X0357,,3G_fhl,CTG_X1035
CTG_X0359,,2G_scl,CTG_X0359
CTG_X0361,,2G_scl,CTG_X0361
CTG_X0361,,3G_scl,CTG_X0361
CTG_X0362,,2G_scl,CTG_X0300
CTG_X0362,,3G_scl,CTG_X0300
CTG_X0366,,2G_fhl,CTG_X0002
CTG_X0367,,2G_fhl,CTG_X0367
CTG_X0370,,2G_scl,CTG_X0370
CTG_X0370,,3G_scl,CTG_X0370
CTG_X0372,,2G_fhl,CTG_X0372
CTG_X0373,,2G_fhl,CTG_X0373
CTG_X0373,,3G_fhl,CTG_X0373
CTG_X0374,,2G_fhl,CTG_X0077
CTG_X0374,,3G_fhl,CTG_X0077
CTG_X0375,,2G_fhl,CTG_X0731
CTG_X0375,,3G_fhl,CTG_X0731
CTG_X0376,,2G_fhl,CTG_X0376
CTG_X0377,,2G_scl,CTG_X0378
CTG_X0377,,3G_scl,CTG_X0378
CTG_X0378,,2G_scl,CTG_X0378
CTG_X0379,,2G_scl,CTG_X0800
CTG_X0379,,3G_scl,CTG_X0800
CTG_X0381,,2G_scl,CTG_X0845
CTG_X0381,,3G_scl,CTG_X0845
CTG_X0382,,2G_scl,CTG_X1535
CTG_X0387,,2G_fhl,CTG_X0048
CTG_X0387,,3G_fhl,CTG_X0048
CTG_X0388,,2G_scl,CTG_X0762
CTG_X0388,,3G_scl,CTG_X0762
CTG_X0392,,2G_fhl,CTG_X0893
CTG_X0392,,3G_fhl,CTG_X0893
CTG_X0393,,2G_fhl,CTG_X0627
CTG_X0393,,3G_fhl,CTG_X0627
CTG_X0400,,2G_scl,CTG_X0400
CTG_X0400,,3G_scl,CTG_X0400
CTG_X0408,,2G_scl,CTG_X0850
CTG_X0408,,3G_scl,CTG_X0850
CTG_X0409,,2G_scl,CTG_X0681
CTG_X0409,,3G_scl,CTG_X0681
CTG_X0410,,2G_scl,CTG_X1527
CTG_X0410,,3G_scl,CTG_X1527
CTG_X0412,,2G_scl,CTG_X1527
CTG_X0412,,3G_scl,CTG_X1527
CTG_X0413,,2G_scl,CTG_X0828
CTG_X0413,,3G_scl,CTG_X0828
CTG_X0414,,2G_scl,CTG_X0623
CTG_X0414,,3G_scl,CTG_X0623
CTG_X0418,,2G_scl,CTG_X0520
CTG_X0419,,2G_scl,CTG_X0419
CTG_X0422,,2G_scl,CTG_X0652
CTG_X0422,,3G_scl,CTG_X0652
CTG_X04220,,2G_scl,CTG_X0652
CTG_X04220,,3G_scl,CTG_X0652
CTG_X0437,,2G_scl,CTG_X0927
CTG_X0437,,3G_scl,CTG_X0927
CTG_X0438,,2G_scl,CTG_X0438
CTG_X0441,,2G_scl,CTG_X0517
CTG_X0441,,3G_scl,CTG_X0517
CTG_X0442,,2G_scl,CTG_X0122
CTG_X0442,,3G_scl,CTG_X0122
CTG_X0443,,2G_scl,CTG_X0517_2
CTG_X0443,,3G_scl,CTG_X0517_2
CTG_X0452,,2G_fhl,CTG_X0147
CTG_X0452,,3G_fhl,CTG_X0147
CTG_X0453,,2G_fhl,CTG_X0745
CTG_X0453,,3G_fhl,CTG_X0745
CTG_X0463,,2G_fhl,CTG_X0002
CTG_X0463,,3G_fhl,CTG_X0002
CTG_X0465,,2G_scl,CTG_X0712
CTG_X0465,,3G_scl,CTG_X0712
CTG_X0466,,2G_scl,CTG_X0438
CTG_X0466,,3G_scl,CTG_X0438
CTG_X0467,,2G_scl,CTG_X1391
CTG_X0468,,2G_scl,CTG_X0097
CTG_X0468,,3G_scl,CTG_X0097
CTG_X0469,,2G_scl,CTG_X0361
CTG_X0469,,3G_scl,CTG_X0361
CTG_X0470,,2G_scl,CTG_X0470
CTG_X0470,,3G_scl,CTG_X0470
CTG_X0475,,2G_scl,CTG_X0645
CTG_X0475,,3G_scl,CTG_X0645
CTG_X0480,,2G_scl,CTG_X0480
CTG_X0480,,3G_scl,CTG_X0480
CTG_X0484,,2G_scl,CTG_X0484
CTG_X0486,,2G_scl,CTG_X0480
CTG_X0486,,3G_scl,CTG_X0480
CTG_X0487,,2G_fhl,CTG_X0487
CTG_X0488,,2G_fhl,CTG_X0488
CTG_X0488,,3G_fhl,CTG_X0488
CTG_X0490,,2G_scl,CTG_X0740
CTG_X0490,,3G_scl,CTG_X0740
CTG_X0491,,2G_fhl,CTG_X0491
CTG_X0492,,2G_scl,CTG_X0081
CTG_X0494,,2G_scl,CTG_X0240
CTG_X0494,,3G_scl,CTG_X0240
CTG_X0497,,2G_fhl,CTG_X0500
CTG_X0497,,3G_fhl,CTG_X0500
CTG_X0500,,2G_fhl,CTG_X0500
CTG_X0500,,3G_fhl,CTG_X0500
CTG_X0501,,2G_scl,CTG_X0300
CTG_X0501,,3G_scl,CTG_X0300
CTG_X0509,,2G_scl,CTG_X0509
CTG_X0509,,3G_scl,CTG_X0509
CTG_X0513,,2G_scl,CTG_X0513
CTG_X0516,,2G_fhl,CTG_X0516
CTG_X0516,,3G_fhl,CTG_X0516
CTG_X0517,,2G_scl,CTG_X0517
CTG_X0517,,3G_scl,CTG_X0517
CTG_X0518,,2G_fhl,CTG_X0014
CTG_X0518,,3G_fhl,CTG_X0014
CTG_X0519,,2G_scl,CTG_X0519
CTG_X0520,,2G_scl,CTG_X0520
CTG_X0520,,3G_scl,CTG_X0520
CTG_X0522,,2G_scl,CTG_X0522
CTG_X0522,,3G_scl,CTG_X0522
CTG_X0523,,2G_scl,CTG_X0523
CTG_X0523,,3G_scl,CTG_X0523
CTG_X0524,,2G_fhl,CTG_X0524
CTG_X0525,,2G_fhl,CTG_X1186
CTG_X0525,,3G_fhl,CTG_X1186
CTG_X0526,,2G_fhl,CTG_X0372
CTG_X0526,,3G_fhl,CTG_X0372
CTG_X0527,,2G_fhl,CTG_X0372
CTG_X0527,,3G_fhl,CTG_X0372
CTG_X0528,,2G_scl,CTG_X0729
CTG_X0528,,3G_scl,CTG_X0729
CTG_X0530,,2G_scl,CTG_X0073
CTG_X0530,,3G_scl,CTG_X0073
CTG_X0531,,2G_scl,CTG_X1180
CTG_X0531,,3G_scl,CTG_X1180
CTG_X0532,,2G_fhl,CTG_X0041
CTG_X0532,,3G_fhl,CTG_X0041
CTG_X0534,,2G_fhl,CTG_X0004
CTG_X0536,,2G_fhl,CTG_X1692
CTG_X0536,,3G_fhl,CTG_X1692
CTG_X0537,,2G_fhl,CTG_X0051
CTG_X0537,,3G_fhl,CTG_X0051
CTG_X0538,,2G_fhl,CTG_X1692
CTG_X0538,,3G_fhl,CTG_X1692
CTG_X0539,,2G_fhl,CTG_X0139
CTG_X0539,,3G_fhl,CTG_X0139
CTG_X0541,,2G_scl,CTG_X0089
CTG_X0543,,2G_scl,CTG_X0601
CTG_X0543,,3G_scl,CTG_X0601
CTG_X0545,,2G_fhl,CTG_X0545
CTG_X0545,,3G_fhl,CTG_X0545
CTG_X0547,,2G_fhl,CTG_X0547
CTG_X0548,,2G_fhl,CTG_X0079
CTG_X0548,,3G_fhl,CTG_X0079
CTG_X0549,,2G_fhl,CTG_X0041
CTG_X0549,,3G_fhl,CTG_X0041
CTG_X0552,,2G_fhl,CTG_X0491
CTG_X0552,,3G_fhl,CTG_X0491
CTG_X0555,,2G_scl,CTG_X0729
CTG_X0555,,3G_scl,CTG_X0729
CTG_X0556,,2G_fhl,CTG_X0728
CTG_X0556,,3G_fhl,CTG_X0728
CTG_X0561,,2G_fhl,CTG_X0014
CTG_X0561,,3G_fhl,CTG_X0014
CTG_X0562,,2G_fhl,CTG_X0545
CTG_X0562,,3G_fhl,CTG_X0545
CTG_X0563,,2G_fhl,CTG_X0545
CTG_X0563,,3G_fhl,CTG_X0545
CTG_X0564,,2G_fhl,CTG_X0001
CTG_X0564,,3G_fhl,CTG_X0001
CTG_X0565,,2G_scl,CTG_X0712
CTG_X0565,,3G_scl,CTG_X0712
CTG_X0576,,2G_scl,CTG_X1562
CTG_X0576,,3G_scl,CTG_X1562
CTG_X0578,,2G_fhl,CTG_X0001
CTG_X0578,,3G_fhl,CTG_X0001
CTG_X0579,,2G_fhl,CTG_X0163
CTG_X0579,,3G_fhl,CTG_X0163
CTG_X0590,,2G_fhl,CTG_X0545
CTG_X0590,,3G_fhl,CTG_X0545
CTG_X0599,,2G_scl,CTG_X0156
CTG_X0599,,3G_scl,CTG_X0156
CTG_X0600,,2G_fhl,CTG_X0048
CTG_X0600,,3G_fhl,CTG_X0048
CTG_X0601,,2G_scl,CTG_X0601
CTG_X0601,,3G_scl,CTG_X0601
CTG_X0605,,2G_scl,CTG_X1180
CTG_X0605,,3G_scl,CTG_X1180
CTG_X0607,,2G_fhl,CTG_X0147
CTG_X0607,,3G_fhl,CTG_X0147
CTG_X0608,,2G_fhl,CTG_X0516
CTG_X0608,,3G_fhl,CTG_X0516
CTG_X0609,,2G_fhl,CTG_X0609
CTG_X0609,,3G_fhl,CTG_X0609
CTG_X0610,,2G_scl,CTG_X0610
CTG_X0610,,3G_scl,CTG_X0610
CTG_X0612,,2G_scl,CTG_X0062
CTG_X0612,,3G_scl,CTG_X0062
CTG_X0613,,2G_scl,CTG_X1174
CTG_X0613,,3G_scl,CTG_X1174
CTG_X0614,,2G_scl,CTG_X0610
CTG_X0614,,3G_scl,CTG_X0610
CTG_X0622,,2G_scl,CTG_X0656
CTG_X0622,,3G_scl,CTG_X0656
CTG_X0623,,2G_scl,CTG_X0623
CTG_X0623,,3G_scl,CTG_X0623
CTG_X0624,,2G_scl,CTG_X0656
CTG_X0624,,3G_scl,CTG_X0656
CTG_X0625,,2G_scl,CTG_X0625
CTG_X0625,,3G_scl,CTG_X0625
CTG_X0627,,2G_fhl,CTG_X0627
CTG_X0627,,3G_fhl,CTG_X0627
CTG_X0632,,2G_scl,CTG_X0925
CTG_X0632,,3G_scl,CTG_X0925
CTG_X0645,,2G_scl,CTG_X0645
CTG_X0645,,3G_scl,CTG_X0645
CTG_X0648,,2G_fhl,CTG_X0028
CTG_X0648,,3G_fhl,CTG_X0028
CTG_X0649,,2G_scl,CTG_X0649
CTG_X0649,,3G_scl,CTG_X0649
CTG_X0652,,2G_scl,CTG_X0652
CTG_X0652,,3G_scl,CTG_X0652
CTG_X0656,,2G_scl,CTG_X0656
CTG_X0656,,3G_scl,CTG_X0656
CTG_X0658,,2G_fhl,CTG_X0658
CTG_X0664,,2G_scl,CTG_X0277
CTG_X0664,,3G_scl,CTG_X0277
CTG_X0665,,2G_fhl,CTG_X0665
CTG_X0665,,3G_fhl,CTG_X0665
CTG_X0666,,2G_fhl,CTG_X0666
CTG_X0671,,2G_fhl,CTG_X0671
CTG_X0672,,2G_fhl,CTG_X0666
CTG_X0672,,3G_fhl,CTG_X0666
CTG_X0679,,2G_scl,CTG_X0681
CTG_X0679,,3G_scl,CTG_X0681
CTG_X0680,,2G_scl,CTG_X0039
CTG_X0681,,2G_scl,CTG_X0681
CTG_X0681,,3G_scl,CTG_X0681
CTG_X0683,,2G_scl,CTG_X1527
CTG_X0683,,3G_scl,CTG_X1527
CTG_X0685,,2G_scl,CTG_X0685
CTG_X0686,,2G_scl,CTG_X0685
CTG_X0686,,3G_scl,CTG_X0685
CTG_X0687,,2G_scl,CTG_X0692
CTG_X0687,,3G_scl,CTG_X0692
CTG_X0688,,2G_scl,CTG_X0365
CTG_X0688,,3G_scl,CTG_X0365
CTG_X0689,,2G_scl,CTG_X0090
CTG_X0691,,2G_scl,CTG_X0088
CTG_X0692,,2G_scl,CTG_X0692
CTG_X0692,,3G_scl,CTG_X0692
CTG_X0693,,2G_scl,CTG_X0365
CTG_X0693,,3G_scl,CTG_X0365
CTG_X06990,,2G_scl,CTG_X0652
CTG_X06990,,3G_scl,CTG_X0652
CTG_X0702,,2G_scl,CTG_X0517_1
CTG_X0702,,3G_scl,CTG_X0517_1
CTG_X0703,,2G_fhl,CTG_X0703
CTG_X0705,,2G_fhl,CTG_X0705
CTG_X0706,,2G_scl,CTG_X0248
CTG_X0707,,2G_scl,CTG_X0707
CTG_X0708,,2G_scl,CTG_X0708
CTG_X0708,,3G_scl,CTG_X0708
CTG_X0709,,2G_scl,CTG_X0601
CTG_X0709,,3G_scl,CTG_X0601
CTG_X0711,,2G_scl,CTG_X0247
CTG_X0712,,2G_scl,CTG_X0712
CTG_X0714,,2G_fhl,CTG_X0147
CTG_X0714,,3G_fhl,CTG_X0147
CTG_X0715,,2G_fhl,CTG_X0715
CTG_X0715,,3G_fhl,CTG_X0715
CTG_X0716,,2G_fhl,CTG_X0716
CTG_X0717,,2G_fhl,CTG_X0139
CTG_X0717,,3G_fhl,CTG_X0139
CTG_X0718,,2G_fhl,"CTG_X0002 "
CTG_X0718,,3G_fhl,"CTG_X0002 "
CTG_X0719,,2G_fhl,CTG_X0516
CTG_X0719,,3G_fhl,CTG_X0516
CTG_X0720,,2G_fhl,CTG_X0731
CTG_X0720,,3G_fhl,CTG_X0731
CTG_X0722,,2G_fhl,CTG_X0041
CTG_X0722,,3G_fhl,CTG_X0041
CTG_X0724,,2G_fhl,CTG_X0491
CTG_X0724,,3G_fhl,CTG_X0491
CTG_X0728,,2G_fhl,CTG_X0728
CTG_X0728,,3G_fhl,CTG_X0728
CTG_X0729,,2G_scl,CTG_X0729
CTG_X0729,,3G_scl,CTG_X0729
CTG_X0730,,2G_fhl,CTG_X0730
CTG_X0731,,2G_fhl,CTG_X0731
CTG_X0732,,2G_fhl,CTG_X0007
CTG_X0732,,3G_fhl,CTG_X0007
CTG_X0733,,2G_scl,CTG_X0733
CTG_X0733,,3G_scl,CTG_X0733
CTG_X0734,,2G_scl,CTG_X0052
CTG_X0736,,2G_fhl,CTG_X0738
CTG_X0736,,3G_fhl,CTG_X0738
CTG_X0737,,2G_fhl,CTG_X0738
CTG_X0737,,3G_fhl,CTG_X0738
CTG_X0738,,2G_fhl,CTG_X0738
CTG_X0738,,3G_fhl,CTG_X0738
CTG_X0740,,2G_scl,CTG_X0740
CTG_X0741,,2G_fhl,CTG_X0715
CTG_X0741,,3G_fhl,CTG_X0715
CTG_X0743,,2G_fhl,CTG_X0743
CTG_X0743,,3G_fhl,CTG_X0743
CTG_X0745,,2G_fhl,CTG_X0745
CTG_X0747,,2G_fhl,CTG_X0146
CTG_X0747,,3G_fhl,CTG_X0146
CTG_X0749,,2G_scl,CTG_X0517
CTG_X0749,,3G_scl,CTG_X0517
CTG_X0752,,2G_fhl,CTG_X0738
CTG_X0752,,3G_fhl,CTG_X0738
CTG_X0753,,2G_scl,CTG_X1966
CTG_X0753,,3G_scl,CTG_X1966
CTG_X0754,,2G_scl,CTG_X1174
CTG_X0754,,3G_scl,CTG_X1174
CTG_X0755,,2G_scl,CTG_X0610
CTG_X0755,,3G_scl,CTG_X0610
CTG_X0756,,2G_fhl,CTG_X0147
CTG_X0756,,3G_fhl,CTG_X0147
CTG_X0759,,2G_fhl,CTG_X0146
CTG_X0759,,3G_fhl,CTG_X0146
CTG_X0762,,2G_scl,CTG_X0762
CTG_X0763,,2G_fhl,CTG_X0763
CTG_X0765,,2G_fhl,CTG_X0077
CTG_X0765,,3G_fhl,CTG_X0077
CTG_X0767,,2G_scl,CTG_X0118
CTG_X0767,,3G_scl,CTG_X0118
CTG_X0768,,2G_scl,CTG_X0927
CTG_X0768,,3G_scl,CTG_X0927
CTG_X0772,,2G_fhl,CTG_X0488
CTG_X0772,,3G_fhl,CTG_X0488
CTG_X0774,,2G_fhl,CTG_X0028
CTG_X0774,,3G_fhl,CTG_X0028
CTG_X0775,,2G_fhl,CTG_X0775
CTG_X0775,,3G_fhl,CTG_X0775
CTG_X0776,,2G_scl,CTG_X0776
CTG_X0776,,3G_scl,CTG_X0776
CTG_X0777,,2G_scl,CTG_X0776
CTG_X0777,,3G_scl,CTG_X0776
CTG_X0778,,2G_scl,CTG_X0776
CTG_X0778,,3G_scl,CTG_X0776
CTG_X0779,,2G_scl,CTG_X0776
CTG_X0779,,3G_scl,CTG_X0776
CTG_X0781,,2G_scl,CTG_X0776
CTG_X0781,,3G_scl,CTG_X0776
CTG_X0782,,2G_scl,CTG_X9038
CTG_X0782,,3G_scl,CTG_X9038
CTG_X0784,,2G_scl,CTG_X9038
CTG_X0784,,3G_scl,CTG_X9038
CTG_X0786,,2G_scl,CTG_X0786
CTG_X0786,,3G_scl,CTG_X0786
CTG_X0787,,2G_scl,CTG_X0786
CTG_X0788,,2G_scl,CTG_X0786
CTG_X0788,,3G_scl,CTG_X0786
CTG_X0800,,2G_scl,CTG_X0800
CTG_X0800,,3G_scl,CTG_X0800
CTG_X0801,,2G_scl,CTG_X0801
CTG_X0801,,3G_scl,CTG_X0801
CTG_X0812,,2G_scl,CTG_X0835
CTG_X0812,,3G_scl,CTG_X0835
CTG_X0816,,2G_fhl,CTG_X0671
CTG_X0816,,3G_fhl,CTG_X0671
CTG_X0823,,2G_fhl,CTG_X0627
CTG_X0823,,3G_fhl,CTG_X0627
CTG_X0825,,2G_scl,CTG_X1527
CTG_X0825,,3G_scl,CTG_X1527
CTG_X0827,,2G_scl,CTG_X0645
CTG_X0827,,3G_scl,CTG_X0645
CTG_X0828,,2G_scl,CTG_X0828
CTG_X0828,,3G_scl,CTG_X0828
CTG_X0833,,2G_fhl,CTG_X0242
CTG_X0833,,3G_fhl,CTG_X0242
CTG_X0834,,2G_scl,CTG_X0277
CTG_X0834,,3G_scl,CTG_X0277
CTG_X0835,,2G_scl,CTG_X0835
CTG_X0835,,3G_scl,CTG_X0835
CTG_X0837,,2G_fhl,CTG_X0893
CTG_X0837,,3G_fhl,CTG_X0893
CTG_X0845,,2G_scl,CTG_X0845
CTG_X0845,,3G_scl,CTG_X0845
CTG_X0848,,2G_fhl,CTG_X0132
CTG_X0848,,3G_fhl,CTG_X0132
CTG_X0849,,2G_scl,CTG_X0300
CTG_X0849,,3G_scl,CTG_X0300
CTG_X0850,,2G_scl,CTG_X0850
CTG_X0850,,3G_scl,CTG_X0850
CTG_X08510,,2G_scl,CTG_X0652
CTG_X08510,,3G_scl,CTG_X0652
CTG_X0852,,2G_scl,CTG_X0522
CTG_X0852,,3G_scl,CTG_X0522
CTG_X0862,,2G_scl,CTG_X0850
CTG_X0862,,3G_scl,CTG_X0850
CTG_X0864,,2G_fhl,CTG_X0242
CTG_X0864,,3G_fhl,CTG_X0242
CTG_X0866,,2G_scl,CTG_X0522
CTG_X0866,,3G_scl,CTG_X0522
CTG_X0870,,2G_fhl,CTG_X0242
CTG_X0870,,3G_fhl,CTG_X0242
CTG_X0875,,2G_fhl,CTG_X0658
CTG_X0875,,3G_fhl,CTG_X0658
CTG_X0877,,2G_fhl,CTG_X0242
CTG_X0877,,3G_fhl,CTG_X0242
CTG_X0881,,2G_scl,CTG_X0881
CTG_X0881,,3G_scl,CTG_X0881
CTG_X0883,,2G_fhl,CTG_X0666
CTG_X0883,,3G_fhl,CTG_X0666
CTG_X0884,,2G_fhl,CTG_X0242
CTG_X0884,,3G_fhl,CTG_X0242
CTG_X0885,,2G_scl,CTG_X0828
CTG_X0885,,3G_scl,CTG_X0828
CTG_X0886,,2G_scl,CTG_X0317
CTG_X0888,,2G_scl,CTG_X0656
CTG_X0888,,3G_scl,CTG_X0656
CTG_X0892,,2G_scl,CTG_X0850
CTG_X0892,,3G_scl,CTG_X0850
CTG_X0893,,2G_fhl,CTG_X0893
CTG_X0894,,2G_scl,CTG_X0498
CTG_X0894,,3G_scl,CTG_X0498
CTG_X0895,,2G_scl,CTG_X0925
CTG_X0895,,3G_scl,CTG_X0925
CTG_X0907,,2G_scl,CTG_X0247
CTG_X0909,,2G_fhl,CTG_X0738
CTG_X0909,,3G_fhl,CTG_X0738
CTG_X0925,,2G_scl,CTG_X0925
CTG_X0925,,3G_scl,CTG_X0925
CTG_X0927,,2G_scl,CTG_X0927
CTG_X0930,,2G_scl,CTG_X0120
CTG_X0930,,3G_scl,CTG_X0120
CTG_X0933,,2G_fhl,CTG_X0132
CTG_X0933,,3G_fhl,CTG_X0132
CTG_X0937,,2G_scl,CTG_X0120
CTG_X0937,,3G_scl,CTG_X0120
CTG_X0941,,2G_scl,CTG_X0517
CTG_X0941,,3G_scl,CTG_X0517
CTG_X0953,,2G_fhl,CTG_X0953
CTG_X0961,,2G_scl,CTG_X0845
CTG_X0961,,3G_scl,CTG_X0845
CTG_X0990,,2G_fhl,CTG_X0015
CTG_X0990,,3G_fhl,CTG_X0015
CTG_X1021,,2G_fhl,CTG_X0487
CTG_X1021,,3G_fhl,CTG_X0487
CTG_X1028,,2G_fhl,CTG_X1186
CTG_X1028,,3G_fhl,CTG_X1186
CTG_X1029,,2G_fhl,CTG_X0716
CTG_X1029,,3G_fhl,CTG_X0716
CTG_X1030,,2G_fhl,CTG_X0716
CTG_X1030,,3G_fhl,CTG_X0716
CTG_X1034,,2G_scl,CTG_X0370
CTG_X1034,,3G_scl,CTG_X0370
CTG_X1035,,2G_fhl,CTG_X1035
CTG_X1070,,2G_scl,CTG_X0498
CTG_X1070,,3G_scl,CTG_X0498
CTG_X1074,,2G_scl,CTG_X0729
CTG_X1076,,2G_fhl,CTG_X1076
CTG_X1081,,2G_fhl,CTG_X0491
CTG_X1084,,2G_scl,CTG_X1084
CTG_X1088,,2G_scl,CTG_X0881
CTG_X1088,,3G_scl,CTG_X0881
CTG_X1089,,2G_scl,CTG_X0274
CTG_X1089,,3G_scl,CTG_X0274
CTG_X1090,,2G_fhl,CTG_X0372
CTG_X1090,,3G_fhl,CTG_X0372
CTG_X1092,,RTN_scl,CTG_X0248
CTG_X1093,,2G_scl,CTG_X0610
CTG_X1093,,3G_scl,CTG_X0610
CTG_X1096,,2G_fhl,CTG_X0216
CTG_X1096,,3G_fhl,CTG_X0216
CTG_X1097,,2G_scl,CTG_X0365
CTG_X1097,,3G_scl,CTG_X0365
CTG_X1098,,2G_scl,CTG_X0097
CTG_X1098,,3G_scl,CTG_X0097
CTG_X1099,,2G_scl,CTG_X0274
CTG_X1101,,2G_scl,CTG_X0122
CTG_X1101,,3G_scl,CTG_X0122
CTG_X1109,,2G_scl,CTG_X0274
CTG_X1109,,3G_scl,CTG_X0274
CTG_X1111,,2G_scl,CTG_X0470
CTG_X1111,,3G_scl,CTG_X0470
CTG_X1113,,2G_fhl,CTG_X0500
CTG_X1113,,3G_fhl,CTG_X0500
CTG_X1114,,2G_scl,CTG_X0850
CTG_X1114,,3G_scl,CTG_X0850
CTG_X1116,,2G_scl,CTG_X0364
CTG_X1116,,3G_scl,CTG_X0364
CTG_X1117,,2G_scl,CTG_X0502
CTG_X1117,,3G_scl,CTG_X0502
CTG_X1118,,2G_fhl,CTG_X0671
CTG_X1118,,3G_fhl,CTG_X0671
CTG_X1121,,2G_fhl,CTG_X0671
CTG_X1121,,3G_fhl,CTG_X0671
CTG_X1125,,2G_scl,CTG_X0509
CTG_X1125,,3G_scl,CTG_X0509
CTG_X1127,,2G_fhl,CTG_X0665
CTG_X1127,,3G_fhl,CTG_X0665
CTG_X1129,,2G_scl,CTG_X0520
CTG_X1129,,3G_scl,CTG_X0520
CTG_X1130,,2G_scl,CTG_X0881
CTG_X1130,,3G_scl,CTG_X0881
CTG_X1131,,2G_fhl,CTG_X0055
CTG_X1131,,3G_fhl,CTG_X0055
CTG_X1134,,2G_scl,CTG_X0502
CTG_X1134,,3G_scl,CTG_X0502
CTG_X1135,,2G_scl,CTG_X0120
CTG_X1136,,2G_scl,CTG_X0122
CTG_X1136,,3G_scl,CTG_X0122
CTG_X1137,,2G_scl,CTG_X0361
CTG_X1137,,3G_scl,CTG_X0361
CTG_X1141,,2G_scl,CTG_X0120
CTG_X1142,,2G_scl,CTG_X0776
CTG_X1142,,3G_scl,CTG_X0776
CTG_X1143,,2G_scl,CTG_X1535
CTG_X1143,,3G_scl,CTG_X1535
CTG_X1145,,2G_fhl,CTG_X0671
CTG_X1145,,3G_fhl,CTG_X0671
CTG_X1146,,2G_scl,CTG_X9027
CTG_X1147,,2G_scl,CTG_X0364
CTG_X1147,,3G_scl,CTG_X0364
CTG_X1149,,2G_fhl,CTG_X0500
CTG_X1149,,3G_fhl,CTG_X0500
CTG_X1150,,2G_scl,CTG_X0122
CTG_X1150,,3G_scl,CTG_X0122
CTG_X1151,,2G_fhl,CTG_X0730
CTG_X1151,,3G_fhl,CTG_X0730
CTG_X1152,,2G_fhl,CTG_X0953
CTG_X1152,,3G_fhl,CTG_X0953
CTG_X1157,,2G_scl,CTG_X1157
CTG_X1157,,3G_scl,CTG_X1157
CTG_X1158,,2G_scl,CTG_X0120
CTG_X1158,,3G_scl,CTG_X0120
CTG_X1160,,2G_scl,CTG_X0092
CTG_X1160,,3G_scl,CTG_X0092
CTG_X1162,,2G_scl,CTG_X0509
CTG_X1162,,3G_scl,CTG_X0509
CTG_X1163,,2G_fhl,CTG_X0671
CTG_X1163,,3G_fhl,CTG_X0671
CTG_X1164,,2G_fhl,CTG_X0703
CTG_X1164,,3G_fhl,CTG_X0703
CTG_X1170,,2G_scl,CTG_X1391
CTG_X1171,,2G_scl,CTG_X0470
CTG_X1171,,3G_scl,CTG_X0470
CTG_X1172,,2G_scl,CTG_X0517
CTG_X1172,,3G_scl,CTG_X0517
CTG_X1174,,2G_scl,CTG_X1174
CTG_X1180,,2G_scl,CTG_X1180
CTG_X1180,,3G_scl,CTG_X1180
CTG_X1181,,2G_scl,CTG_X0120
CTG_X1181,,3G_scl,CTG_X0120
CTG_X1182,,2G_scl,CTG_X0517
CTG_X1182,,3G_scl,CTG_X0517
CTG_X1186,,2G_fhl,CTG_X1186
CTG_X1186,,3G_fhl,CTG_X1186
CTG_X1187,,2G_scl,CTG_X0513
CTG_X1193,,2G_scl,CTG_X0365
CTG_X1204,,2G_scl,CTG_X0523
CTG_X1204,,3G_scl,CTG_X0523
CTG_X1206,,2G_fhl,CTG_X0015
CTG_X1206,,3G_fhl,CTG_X0015
CTG_X1208,,2G_fhl,CTG_X0015
CTG_X1208,,3G_fhl,CTG_X0015
CTG_X1209,,2G_scl,CTG_X0845
CTG_X1209,,3G_scl,CTG_X0845
CTG_X1210,,2G_scl,CTG_X0925
CTG_X1210,,3G_scl,CTG_X0925
CTG_X1214,,2G_scl,CTG_X0364
CTG_X1214,,3G_scl,CTG_X0364
CTG_X1220,,2G_fhl,CTG_X0015
CTG_X1220,,3G_fhl,CTG_X0015
CTG_X1224,,2G_fhl,CTG_X0658
CTG_X1224,,3G_fhl,CTG_X0658
CTG_X1225,,2G_scl,CTG_X0520
CTG_X1225,,3G_scl,CTG_X0520
CTG_X1229,,2G_fhl,CTG_X0242
CTG_X1229,,3G_fhl,CTG_X0242
CTG_X1231,,2G_scl,CTG_X0845
CTG_X1231,,3G_scl,CTG_X0845
CTG_X1232,,2G_scl,CTG_X0645
CTG_X1232,,3G_scl,CTG_X0645
CTG_X1233,,2G_fhl,CTG_X0488
CTG_X1233,,3G_fhl,CTG_X0488
CTG_X1234,,2G_fhl,CTG_X0627
CTG_X1234,,3G_fhl,CTG_X0627
CTG_X1238,,2G_scl,CTG_X0480
CTG_X1238,,3G_scl,CTG_X0480
CTG_X1241,,2G_scl,CTG_X0378
CTG_X1241,,3G_scl,CTG_X0378
CTG_X1242,,2G_scl,CTG_X0484
CTG_X1242,,3G_scl,CTG_X0484
CTG_X1243,,2G_scl,CTG_X1535
CTG_X1243,,3G_scl,CTG_X1535
CTG_X1246,,2G_scl,CTG_X0517_1
CTG_X1246,,3G_scl,CTG_X0517_1
CTG_X1248,,2G_scl,CTG_X0517
CTG_X1254,,2G_scl,CTG_X0480
CTG_X1254,,3G_scl,CTG_X0480
CTG_X1257,,2G_fhl,CTG_X0953
CTG_X1257,,3G_fhl,CTG_X0953
CTG_X1258,,2G_scl,CTG_X9027
CTG_X1258,,3G_scl,CTG_X9027
CTG_X1259,,2G_scl,CTG_X0480
CTG_X1259,,3G_scl,CTG_X0480
CTG_X1261,,2G_scl,CTG_X9027
CTG_X1261,,3G_scl,CTG_X9027
CTG_X1268,,2G_scl,CTG_X0122
CTG_X1268,,3G_scl,CTG_X0122
CTG_X1273,,2G_scl,CTG_X9027
CTG_X1273,,3G_scl,CTG_X9027
CTG_X1274,,2G_scl,CTG_X0520
CTG_X1274,,3G_scl,CTG_X0520
CTG_X1278,,2G_fhl,CTG_X0132
CTG_X1278,,3G_fhl,CTG_X0132
CTG_X1279,,2G_scl,CTG_X0517_1
CTG_X1285,,2G_scl,CTG_X0118
CTG_X1285,,3G_scl,CTG_X0118
CTG_X1286,,2G_scl,CTG_X0517_1
CTG_X1286,,3G_scl,CTG_X0517_1
CTG_X1294,,2G_scl,CTG_X0277
CTG_X1294,,3G_scl,CTG_X0277
CTG_X1297,,2G_scl,CTG_X0109
CTG_X1298,,2G_scl,CTG_X0652
CTG_X1298,,3G_scl,CTG_X0652
CTG_X1299,,2G_scl,CTG_X0517_1
CTG_X1299,,3G_scl,CTG_X0517_1
CTG_X1313,,2G_scl,CTG_X0248
CTG_X13160,,2G_scl,CTG_X0652
CTG_X13160,,3G_scl,CTG_X0652
CTG_X1322,,2G_scl,CTG_X0277
CTG_X1322,,3G_scl,CTG_X0277
CTG_X13220,,2G_scl,CTG_X0522
CTG_X13220,,3G_scl,CTG_X0522
CTG_X1323,,2G_scl,CTG_X0652
CTG_X1323,,3G_scl,CTG_X0652
CTG_X1324,,2G_fhl,CTG_X0488
CTG_X1324,,3G_fhl,CTG_X0488
CTG_X1327,,2G_fhl,CTG_X0658
CTG_X1327,,3G_fhl,CTG_X0658
CTG_X1328,,2G_fhl,CTG_X0893
CTG_X1328,,3G_fhl,CTG_X0893
CTG_X1329,,2G_scl,CTG_X0800
CTG_X1329,,3G_scl,CTG_X0800
CTG_X1331,,2G_scl,CTG_X0652
CTG_X1337,,2G_fhl,CTG_X0627
CTG_X1337,,3G_fhl,CTG_X0627
CTG_X1339,,2G_fhl,CTG_X0627
CTG_X1339,,3G_fhl,CTG_X0627
CTG_X1340,,2G_fhl,CTG_X0132
CTG_X1340,,3G_fhl,CTG_X0132
CTG_X1342,,2G_scl,CTG_X0118
CTG_X1342,,3G_scl,CTG_X0118
CTG_X1343,,2G_scl,CTG_X0118
CTG_X1343,,3G_scl,CTG_X0118
CTG_X1346,,2G_scl,CTG_X0120
CTG_X1346,,3G_scl,CTG_X0120
CTG_X1347,,2G_scl,CTG_X0480
CTG_X1347,,3G_scl,CTG_X0480
CTG_X1349,,2G_scl,CTG_X0480
CTG_X1349,,3G_scl,CTG_X0480
CTG_X1352,,2G_scl,CTG_X0120
CTG_X1352,,3G_scl,CTG_X0120
CTG_X1353,,2G_scl,CTG_X0118_1
CTG_X1357,,2G_scl,CTG_X0522
CTG_X1357,,3G_scl,CTG_X0522
CTG_X1359,,2G_fhl,CTG_X0953
CTG_X1359,,3G_fhl,CTG_X0953
CTG_X1360,,2G_scl,CTG_X0517_1
CTG_X1360,,3G_scl,CTG_X0517_1
CTG_X1362,,2G_scl,CTG_X9027
CTG_X1362,,3G_scl,CTG_X9027
CTG_X1363,,2G_scl,CTG_X0517_1
CTG_X1363,,3G_scl,CTG_X0517_1
CTG_X1366,,2G_scl,CTG_X0835
CTG_X1366,,3G_scl,CTG_X0835
CTG_X1368,,2G_scl,CTG_X0850
CTG_X1368,,3G_scl,CTG_X0850
CTG_X1372,,2G_scl,CTG_X0881
CTG_X1372,,3G_scl,CTG_X0881
CTG_X1373,,2G_scl,CTG_X0517_3
CTG_X1374,,2G_scl,CTG_X0517_2
CTG_X1374,,3G_scl,CTG_X0517_2
CTG_X1375,,2G_scl,CTG_X1157
CTG_X1375,,3G_scl,CTG_X1157
CTG_X1376,,2G_fhl,CTG_X0666
CTG_X1376,,3G_fhl,CTG_X0666
CTG_X1378,,2G_scl,CTG_X1157
CTG_X1378,,3G_scl,CTG_X1157
CTG_X1380,,2G_fhl,CTG_X1076
CTG_X1380,,3G_fhl,CTG_X1076
CTG_X1382,,2G_scl,CTG_X0359
CTG_X1386,,2G_scl,CTG_X0681
CTG_X1387,,2G_scl,CTG_X0708
CTG_X1388,,2G_fhl,CTG_X0048
CTG_X1388,,3G_fhl,CTG_X0048
CTG_X1389,,2G_fhl,CTG_X1389
CTG_X1389,,3G_fhl,CTG_X1389
CTG_X1390,,2G_scl,CTG_X0248
CTG_X1391,,2G_scl,CTG_X1391
CTG_X1391,,RTN_scl,CTG_X1391
CTG_X1394,,2G_scl,CTG_X0623
CTG_X1397,,2G_scl,CTG_X0248
CTG_X1397,,RTN_scl,CTG_X0248
CTG_X1398,,2G_scl,CTG_X0400
CTG_X1398,,3G_scl,CTG_X0400
CTG_X1408,,2G_fhl,CTG_X0146
CTG_X1408,,3G_fhl,CTG_X0146
CTG_X1417,,2G_scl,CTG_X0003
CTG_X1417,,3G_scl,CTG_X0003
CTG_X1418,,2G_fhl,CTG_X1418
CTG_X1418,,3G_fhl,CTG_X1418
CTG_X1421,,2G_fhl,CTG_X0376
CTG_X1421,,3G_fhl,CTG_X0376
CTG_X1426,,2G_fhl,CTG_X0007
CTG_X1426,,3G_fhl,CTG_X0007
CTG_X1427,,2G_fhl,CTG_X0743
CTG_X1427,,3G_fhl,CTG_X0743
CTG_X1432,,2G_scl,CTG_X0520
CTG_X1432,,3G_scl,CTG_X0520
CTG_X1433,,2G_scl,CTG_X1157
CTG_X1433,,3G_scl,CTG_X1157
CTG_X1439,,2G_fhl,CTG_X0139
CTG_X1439,,3G_fhl,CTG_X0139
CTG_X1447,,2G_fhl,CTG_X0002
CTG_X1447,,3G_fhl,CTG_X0002
CTG_X1453,,2G_fhl,CTG_X0014
CTG_X1453,,3G_fhl,CTG_X0014
CTG_X1456,,2G_scl,CTG_X0081
CTG_X1456,,3G_scl,CTG_X0081
CTG_X1457,,2G_fhl,CTG_X1457
CTG_X1457,,3G_fhl,CTG_X1457
CTG_X1461,,2G_fhl,CTG_X0372
CTG_X1461,,3G_fhl,CTG_X0372
CTG_X1462,,2G_fhl,CTG_X0716
CTG_X1462,,3G_fhl,CTG_X0716
CTG_X1463,,2G_scl,CTG_X0610
CTG_X1463,,3G_scl,CTG_X0610
CTG_X1470,,2G_scl,CTG_X0708
CTG_X1470,,3G_scl,CTG_X0708
CTG_X1471,,2G_fhl,CTG_X0545
CTG_X1471,,3G_fhl,CTG_X0545
CTG_X1472,,2G_fhl,CTG_X0728
CTG_X1472,,3G_fhl,CTG_X0728
CTG_X1473,,2G_fhl,CTG_X0004
CTG_X1473,,3G_fhl,CTG_X0004
CTG_X1482,,2G_fhl,CTG_X1035
CTG_X1483,,2G_fhl,CTG_X1035
CTG_X1483,,3G_fhl,CTG_X1035
CTG_X1486,,2G_scl,CTG_X0685
CTG_X1486,,3G_scl,CTG_X0685
CTG_X1488,,2G_fhl,CTG_X0139
CTG_X1488,,3G_fhl,CTG_X0139
CTG_X1493,,2G_fhl,CTG_X1493
CTG_X1493,,3G_fhl,CTG_X1493
CTG_X1496,,2G_fhl,CTG_X0351
CTG_X1496,,3G_fhl,CTG_X0351
CTG_X1499,,2G_fhl,CTG_X0545
CTG_X1499,,3G_fhl,CTG_X0545
CTG_X1502,,2G_scl,CTG_X0523
CTG_X1503,,2G_fhl,CTG_X0132
CTG_X1503,,3G_fhl,CTG_X0132
CTG_X1520,,2G_fhl,CTG_X0665
CTG_X1520,,3G_fhl,CTG_X0665
CTG_X1527,,2G_scl,CTG_X1527
CTG_X1527,,3G_scl,CTG_X1527
CTG_X1528,,2G_scl,CTG_X0881
CTG_X1533,,2G_fhl,CTG_X0703
CTG_X1533,,3G_fhl,CTG_X0703
CTG_X1535,,2G_scl,CTG_X1535
CTG_X1535,,3G_scl,CTG_X1535
CTG_X1536,,2G_scl,CTG_X0277
CTG_X1536,,3G_scl,CTG_X0277
CTG_X1547,,2G_scl,CTG_X0480
CTG_X1547,,3G_scl,CTG_X0480
CTG_X1551,,2G_fhl,CTG_X0665
CTG_X1551,,3G_fhl,CTG_X0665
CTG_X1552,,2G_fhl,CTG_X0665
CTG_X1554,,2G_scl,CTG_X0247
CTG_X1556,,2G_fhl,CTG_X0487
CTG_X1556,,3G_fhl,CTG_X0487
CTG_X1562,,2G_scl,CTG_X1562
CTG_X1562,,3G_scl,CTG_X1562
CTG_X1569,,2G_scl,CTG_X0470
CTG_X1569,,3G_scl,CTG_X0470
CTG_X1578,,2G_scl,CTG_X0850
CTG_X1578,,3G_scl,CTG_X0850
CTG_X1580,,2G_scl,CTG_X0645
CTG_X1584,,2G_scl,CTG_X0517_2
CTG_X1584,,3G_scl,CTG_X0517_2
CTG_X1585,,2G_scl,CTG_X0517
CTG_X1585,,3G_scl,CTG_X0517
CTG_X1586,,2G_scl,CTG_X0517_2
CTG_X1586,,3G_scl,CTG_X0517_2
CTG_X1588,,2G_fhl,CTG_X1588
CTG_X1588,,3G_fhl,CTG_X1588
CTG_X1589,,2G_scl,CTG_X0800
CTG_X1589,,3G_scl,CTG_X0800
CTG_X1590,,2G_scl,CTG_X0364
CTG_X1590,,3G_scl,CTG_X0364
CTG_X1592,,2G_fhl,CTG_X0627
CTG_X1592,,3G_fhl,CTG_X0627
CTG_X1594,,2G_scl,CTG_X0625
CTG_X1596,,2G_scl,CTG_X0498
CTG_X1597,,2G_scl,CTG_X0240
CTG_X1597,,3G_scl,CTG_X0240
CTG_X1598,,2G_scl,CTG_X0502
CTG_X1599,,2G_fhl,CTG_X0242
CTG_X1602,,2G_scl,CTG_X1602
CTG_X1604,,2G_scl,CTG_X0517_2
CTG_X1606,,2G_scl,CTG_X0277
CTG_X1606,,3G_scl,CTG_X0277
CTG_X16060,,2G_scl,CTG_X0522
CTG_X16060,,3G_scl,CTG_X0522
CTG_X1607,,2G_scl,CTG_X0523
CTG_X1607,,3G_scl,CTG_X0523
CTG_X1610,,2G_scl,CTG_X0247
CTG_X1614,,2G_fhl,CTG_X1614
CTG_X1614,,3G_fhl,CTG_X1614
CTG_X1616,,2G_scl,CTG_X0370
CTG_X1616,,3G_scl,CTG_X0370
CTG_X1617,,2G_fhl,CTG_X0547
CTG_X1617,,3G_fhl,CTG_X0547
CTG_X1630,,2G_scl,CTG_X0656
CTG_X1632,,2G_fhl,CTG_X0658
CTG_X1632,,3G_fhl,CTG_X0658
CTG_X1633,,2G_scl,CTG_X0470
CTG_X1633,,3G_scl,CTG_X0470
CTG_X1635,,2G_fhl,CTG_X0376
CTG_X1635,,3G_fhl,CTG_X0376
CTG_X1643,,2G_scl,CTG_X0247
CTG_X1644,,2G_scl,CTG_X0120
CTG_X1644,,3G_scl,CTG_X0120
CTG_X1648,,2G_scl,CTG_X0517_2
CTG_X1648,,3G_scl,CTG_X0517_2
CTG_X1649,,2G_scl,CTG_X0845
CTG_X1649,,3G_scl,CTG_X0845
CTG_X1653,,2G_scl,CTG_X9027
CTG_X1653,,3G_scl,CTG_X9027
CTG_X1657,,2G_scl,CTG_X0850
CTG_X1658,,2G_scl,CTG_X0522
CTG_X1658,,3G_scl,CTG_X0522
CTG_X1661,,2G_fhl,CTG_X0500
CTG_X1661,,3G_fhl,CTG_X0500
CTG_X1662,,2G_scl,CTG_X0240
CTG_X1672,,2G_scl,CTG_X0300
CTG_X1674,,2G_fhl,CTG_X0005
CTG_X1674,,3G_fhl,CTG_X0005
CTG_X1677,,2G_scl,CTG_X0835
CTG_X1677,,3G_scl,CTG_X0835
CTG_X1681,,2G_scl,CTG_X1535
CTG_X1681,,3G_scl,CTG_X1535
CTG_X1685,,2G_scl,CTG_X0082
CTG_X1685,,3G_scl,CTG_X0082
CTG_X1688,,2G_fhl,CTG_X0367
CTG_X1690,,2G_scl,CTG_X0019
CTG_X1690,,3G_scl,CTG_X0019
CTG_X1691,,2G_scl,CTG_X0610
CTG_X1691,,3G_scl,CTG_X0610
CTG_X1692,,2G_fhl,CTG_X1692
CTG_X1703,,2G_scl,CTG_X0118
CTG_X1703,,3G_scl,CTG_X0118
CTG_X1710,,2G_scl,CTG_X0400
CTG_X1710,,3G_scl,CTG_X0400
CTG_X1711,,2G_scl,CTG_X0845
CTG_X1711,,3G_scl,CTG_X0845
CTG_X1720,,2G_fhl,CTG_X0743
CTG_X1720,,3G_fhl,CTG_X0743
CTG_X1722,,2G_scl,CTG_X0122
CTG_X1722,,3G_scl,CTG_X0122
CTG_X1727,,2G_fhl,CTG_X0547
CTG_X1727,,3G_fhl,CTG_X0547
CTG_X1728,,2G_fhl,CTG_X0073
CTG_X1729,,2G_fhl,CTG_X0007
CTG_X1729,,3G_fhl,CTG_X0007
CTG_X1730,,2G_scl,CTG_X0438
CTG_X1730,,3G_scl,CTG_X0438
CTG_X1747,,2G_fhl,CTG_X0146
CTG_X1747,,3G_fhl,CTG_X0146
CTG_X1748,,2G_fhl,CTG_X0487
CTG_X1748,,3G_fhl,CTG_X0487
CTG_X1750,,2G_scl,CTG_X0370
CTG_X1750,,3G_scl,CTG_X0370
CTG_X1752,,2G_fhl,CTG_X0004
CTG_X1753,,2G_scl,CTG_X0707
CTG_X1753,,3G_scl,CTG_X0707
CTG_X1756,,2G_fhl,CTG_X1389
CTG_X1756,,3G_fhl,CTG_X1389
CTG_X1760,,2G_scl,CTG_X1157
CTG_X1760,,3G_scl,CTG_X1157
CTG_X1761,,2G_fhl,CTG_X0043
CTG_X1761,,3G_fhl,CTG_X0043
CTG_X1763,,2G_scl,CTG_X0517_1
CTG_X1763,,3G_scl,CTG_X0517_1
CTG_X1764,,2G_scl,CTG_X1180
CTG_X1764,,3G_scl,CTG_X1180
CTG_X1766,,2G_fhl,CTG_X0775
CTG_X1766,,3G_fhl,CTG_X0775
CTG_X1769,,2G_fhl,CTG_X0005
CTG_X1769,,3G_fhl,CTG_X0005
CTG_X1772,,2G_fhl,CTG_X0547
CTG_X1772,,3G_fhl,CTG_X0547
CTG_X1773,,2G_fhl,CTG_X0073
CTG_X1774,,2G_scl,CTG_X0274
CTG_X1774,,3G_scl,CTG_X0274
CTG_X1780,,2G_scl,CTG_X0733
CTG_X1783,,2G_fhl,CTG_X0500
CTG_X1783,,3G_fhl,CTG_X0500
CTG_X1789,,2G_scl,CTG_X0003
CTG_X1790,,2G_fhl,CTG_X0373
CTG_X1790,,3G_fhl,CTG_X0373
CTG_X1793,,2G_fhl,CTG_X0028
CTG_X1793,,3G_fhl,CTG_X0028
CTG_X1794,,2G_scl,CTG_X0086
CTG_X1794,,3G_scl,CTG_X0086
CTG_X1795,,2G_scl,CTG_X0927
CTG_X1795,,3G_scl,CTG_X0927
CTG_X1800,,2G_fhl,CTG_X0893
CTG_X1800,,3G_fhl,CTG_X0893
CTG_X1806,,2G_fhl,CTG_X1588
CTG_X1806,,3G_fhl,CTG_X1588
CTG_X1807,,2G_scl,CTG_X0881
CTG_X1807,,3G_scl,CTG_X0881
CTG_X1808,,2G_fhl,CTG_X0666
CTG_X1808,,3G_fhl,CTG_X0666
CTG_X1809,,2G_fhl,CTG_X0763
CTG_X1809,,3G_fhl,CTG_X0763
CTG_X1811,,2G_fhl,CTG_X0775
CTG_X1811,,3G_fhl,CTG_X0775
CTG_X1813,,2G_scl,CTG_X0520
CTG_X1813,,3G_scl,CTG_X0520
CTG_X1814,,2G_scl,CTG_X0400
CTG_X1817,,2G_fhl,CTG_X0609
CTG_X1817,,3G_fhl,CTG_X0609
CTG_X1818,,2G_fhl,CTG_X1389
CTG_X1818,,3G_fhl,CTG_X1389
CTG_X1819,,2G_fhl,CTG_X0079
CTG_X1819,,3G_fhl,CTG_X0079
CTG_X1820,,2G_fhl,CTG_X1180
CTG_X1822,,2G_scl,CTG_X0300
CTG_X1822,,3G_scl,CTG_X0300
CTG_X1824,,2G_scl,CTG_X0480
CTG_X1824,,3G_scl,CTG_X0480
CTG_X1826,,2G_fhl,CTG_X0545
CTG_X1826,,3G_fhl,CTG_X0545
CTG_X1832,,2G_scl,CTG_X0037
CTG_X1833,,2G_scl,CTG_X0656
CTG_X1833,,3G_scl,CTG_X0656
CTG_X1839,,2G_fhl,CTG_X0627
CTG_X1840,,2G_scl,CTG_X0656
CTG_X1840,,3G_scl,CTG_X0656
CTG_X1848,,2G_scl,CTG_X0828
CTG_X1848,,3G_scl,CTG_X0828
CTG_X1858,,2G_scl,CTG_X0835
CTG_X1858,,3G_scl,CTG_X0835
CTG_X1862,,2G_scl,CTG_X0645
CTG_X1862,,3G_scl,CTG_X0645
CTG_X1865,,2G_scl,CTG_X1084
CTG_X1865,,3G_scl,CTG_X1084
CTG_X1866,,2G_scl,CTG_X0317
CTG_X1866,,3G_scl,CTG_X0317
CTG_X1867,,2G_fhl,CTG_X0488
CTG_X1867,,3G_fhl,CTG_X0488
CTG_X1871,,2G_scl,CTG_X0623
CTG_X1871,,3G_scl,CTG_X0623
CTG_X1873,,2G_scl,CTG_X9038
CTG_X1873,,3G_scl,CTG_X9038
CTG_X1875,,2G_scl,CTG_X9038
CTG_X1875,,3G_scl,CTG_X9038
CTG_X1881,,2G_scl,CTG_X0927
CTG_X1881,,3G_scl,CTG_X0927
CTG_X1882,,2G_scl,CTG_X9038
CTG_X1882,,3G_scl,CTG_X9038
CTG_X1889,,2G_scl,CTG_X0828
CTG_X1889,,3G_scl,CTG_X0828
CTG_X1890,,2G_scl,CTG_X0652
CTG_X1890,,3G_scl,CTG_X0652
CTG_X1893,,2G_scl,CTG_X0274
CTG_X1893,,3G_scl,CTG_X0274
CTG_X1896,,2G_scl,CTG_X0517_1
CTG_X1896,,3G_scl,CTG_X0517_1
CTG_X1897,,2G_scl,CTG_X0517_1
CTG_X1897,,3G_scl,CTG_X0517_1
CTG_X1900,,2G_scl,CTG_X0118
CTG_X1900,,3G_scl,CTG_X0118
CTG_X1901,,2G_scl,CTG_X0118
CTG_X1901,,3G_scl,CTG_X0118
CTG_X1906,,2G_scl,CTG_X9038
CTG_X1908,,2G_scl,CTG_X0835
CTG_X1908,,3G_scl,CTG_X0835
CTG_X1909,,2G_scl,CTG_X0645
CTG_X1909,,3G_scl,CTG_X0645
CTG_X1910,,2G_scl,CTG_X0317
CTG_X1910,,3G_scl,CTG_X0317
CTG_X1914,,2G_scl,CTG_X0845
CTG_X1914,,3G_scl,CTG_X0845
CTG_X1915,,2G_scl,CTG_X0925
CTG_X1915,,3G_scl,CTG_X0925
CTG_X1921,,2G_scl,CTG_X0274
CTG_X1921,,3G_scl,CTG_X0274
CTG_X1929,,2G_scl,CTG_X1535
CTG_X1929,,3G_scl,CTG_X1535
CTG_X1931,,2G_scl,CTG_X0751
CTG_X1931,,3G_scl,CTG_X0751
CTG_X1935,,2G_scl,CTG_X0274
CTG_X1935,,3G_scl,CTG_X0274
CTG_X1951,,2G_scl,CTG_X0400
CTG_X1957,,2G_scl,CTG_X0681
CTG_X1957,,3G_scl,CTG_X0681
CTG_X1960,,2G_scl,CTG_X0623
CTG_X1960,,3G_scl,CTG_X0623
CTG_X1963,,2G_scl,CTG_X0828
CTG_X1963,,3G_scl,CTG_X0828
CTG_X1964,,2G_fhl,CTG_X0163
CTG_X1964,,3G_fhl,CTG_X0163
CTG_X1965,,2G_scl,CTG_X1084
CTG_X1965,,3G_scl,CTG_X1084
CTG_X1966,,2G_scl,CTG_X1966
CTG_X1967,,2G_fhl,CTG_X0055
CTG_X1967,,3G_fhl,CTG_X0055
CTG_X1968,,2G_fhl,CTG_X1389
CTG_X1968,,3G_fhl,CTG_X1389
CTG_X1974,,2G_fhl,CTG_X0139
CTG_X1974,,3G_fhl,CTG_X0139
CTG_X1975,,2G_fhl,CTG_X1035
CTG_X1975,,3G_fhl,CTG_X1035
CTG_X1976,,2G_fhl,CTG_X1035
CTG_X1976,,3G_fhl,CTG_X1035
CTG_X1986,,2G_fhl,CTG_X0051
CTG_X1986,,3G_fhl,CTG_X0051
CTG_X1987,,2G_scl,CTG_X0649
CTG_X1990,,2G_scl,CTG_X0625
CTG_X1990,,3G_scl,CTG_X0625
CTG_X1995,,2G_scl,CTG_X0623
CTG_X1995,,3G_scl,CTG_X0623
CTG_X1996,,2G_fhl,CTG_X0658
CTG_X1996,,3G_fhl,CTG_X0658
CTG_X1998,,2G_scl,CTG_X0522
CTG_X1998,,3G_scl,CTG_X0522
CTG_X2002,,2G_scl,CTG_X0649
CTG_X2002,,3G_scl,CTG_X0649
CTG_X2008,,2G_scl,CTG_X0786
CTG_X2008,,3G_scl,CTG_X0786
CTG_X2010,,2G_scl,CTG_X0361
CTG_X2011,,2G_fhl,CTG_X0487
CTG_X2011,,3G_fhl,CTG_X0487
CTG_X2012,,2G_scl,CTG_X0523
CTG_X2012,,3G_scl,CTG_X0523
CTG_X2044,,2G_scl,CTG_X0925
CTG_X2049,,2G_scl,CTG_X0800
CTG_X2049,,3G_scl,CTG_X0800
CTG_X2051,,2G_fhl,CTG_X0745
CTG_X2051,,3G_fhl,CTG_X0745
CTG_X2054,,2G_fhl,CTG_X0516
CTG_X2056,,2G_fhl,CTG_X0716
CTG_X2056,,3G_fhl,CTG_X0716
CTG_X2059,,2G_fhl,CTG_X0715
CTG_X2059,,3G_fhl,CTG_X0715
CTG_X2066,,2G_fhl,CTG_X0666
CTG_X2066,,3G_fhl,CTG_X0666
CTG_X2068,,2G_scl,CTG_X0470
CTG_X2068,,3G_scl,CTG_X0470
CTG_X2071,,2G_scl,CTG_X0801
CTG_X2071,,3G_scl,CTG_X0801
CTG_X2073,,2G_scl,CTG_X1157
CTG_X2087,,2G_scl,CTG_X0610
CTG_X2088,,2G_fhl,CTG_X0609
CTG_X2088,,3G_fhl,CTG_X0609
CTG_X2090,,2G_fhl,CTG_X0609
CTG_X2090,,3G_fhl,CTG_X0609
CTG_X2093,,2G_scl,CTG_X0801
CTG_X2093,,3G_scl,CTG_X0801
CTG_X2096,,2G_scl,CTG_X0470
CTG_X2096,,3G_scl,CTG_X0470
CTG_X2099,,2G_scl,CTG_X0681
CTG_X2099,,3G_scl,CTG_X0681
CTG_X2102,,2G_scl,CTG_X0094
CTG_X2102,,3G_scl,CTG_X0094
CTG_X2103,,2G_scl,CTG_X0094
CTG_X2104,,2G_scl,CTG_X0097
CTG_X2104,,3G_scl,CTG_X0097
CTG_X2105,,2G_scl,CTG_X0094
CTG_X2105,,3G_scl,CTG_X0094
CTG_X2106,,2G_scl,CTG_X0088
CTG_X2106,,3G_scl,CTG_X0088
CTG_X2108,,2G_scl,CTG_X0097
CTG_X2108,,3G_scl,CTG_X0097
CTG_X2115,,2G_scl,CTG_X0520
CTG_X2115,,3G_scl,CTG_X0520
CTG_X2117,,2G_scl,CTG_X0062
CTG_X2118,,2G_scl,CTG_X0610
CTG_X2118,,3G_scl,CTG_X0610
CTG_X2120,,2G_fhl,CTG_X0079
CTG_X2120,,3G_fhl,CTG_X0079
CTG_X2123,,2G_fhl,CTG_X0043
CTG_X2123,,3G_fhl,CTG_X0043
CTG_X2126,,2G_scl,CTG_X0019
CTG_X2130,,2G_fhl,CTG_X1389
CTG_X2130,,3G_fhl,CTG_X1389
CTG_X2131,,2G_fhl,CTG_X0372
CTG_X2131,,3G_fhl,CTG_X0372
CTG_X2133,,2G_fhl,CTG_X0216
CTG_X2133,,3G_fhl,CTG_X0216
CTG_X2136,,2G_fhl,CTG_X0041
CTG_X2136,,3G_fhl,CTG_X0041
CTG_X2137,,2G_fhl,CTG_X0041
CTG_X2137,,3G_fhl,CTG_X0041
CTG_X2138,,2G_fhl,CTG_X0007
CTG_X2138,,3G_fhl,CTG_X0007
CTG_X2139,,2G_fhl,CTG_X0731
CTG_X2139,,3G_fhl,CTG_X0731
CTG_X2141,,2G_fhl,CTG_X0487
CTG_X2141,,3G_fhl,CTG_X0487
CTG_X2142,,2G_scl,CTG_X0523
CTG_X2142,,3G_scl,CTG_X0523
CTG_X2143,,2G_scl,CTG_X0523
CTG_X2143,,3G_scl,CTG_X0523
CTG_X2147,,2G_scl,CTG_X0109
CTG_X2147,,3G_scl,CTG_X0109
CTG_X2148,,2G_scl,CTG_X0109
CTG_X2148,,3G_scl,CTG_X0109
CTG_X2150,,2G_scl,CTG_X0109
CTG_X2150,,3G_scl,CTG_X0109
CTG_X2152,,2G_scl,CTG_X1180
CTG_X2152,,3G_scl,CTG_X1180
CTG_X2157,,2G_scl,CTG_X0156
CTG_X2158,,2G_scl,CTG_X0092
CTG_X2158,,3G_scl,CTG_X0092
CTG_X2168,,2G_fhl,CTG_X0738
CTG_X2168,,3G_fhl,CTG_X0738
CTG_X2178,,2G_scl,CTG_X0122
CTG_X2178,,3G_scl,CTG_X0122
CTG_X2179,,2G_scl,CTG_X0086
CTG_X2180,,2G_scl,CTG_X0086
CTG_X2180,,3G_scl,CTG_X0086
CTG_X2181,,2G_scl,CTG_X0470
CTG_X2182,,2G_scl,CTG_X0470
CTG_X2182,,3G_scl,CTG_X0470
CTG_X2191,,RTN_scl,CTG_X0359
CTG_X2199,,2G_scl,CTG_X0801
CTG_X2201,,2G_scl,CTG_X1562
CTG_X2210,,2G_fhl,CTG_X0077
CTG_X2210,,3G_fhl,CTG_X0077
CTG_X2211,,2G_fhl,CTG_X0146
CTG_X2211,,3G_fhl,CTG_X0146
CTG_X2213,,3G_scl,CTG_X0097
CTG_X2213,,OM_scl,CTG_X0097
CTG_X2214,,2G_scl,CTG_X0378
CTG_X2214,,3G_scl,CTG_X0378
CTG_X2216,,3G_scl,CTG_X0097
CTG_X2216,,OM_scl,CTG_X0097
CTG_X2222,,2G_fhl,CTG_X0055
CTG_X2222,,3G_fhl,CTG_X0055
CTG_X2225,,2G_scl,CTG_X0623
CTG_X2225,,3G_scl,CTG_X0623
CTG_X2253,,2G_scl,CTG_X0522
CTG_X2268,,2G_scl,CTG_X0835
CTG_X2273,,2G_scl,CTG_X0652
CTG_X2273,,3G_scl,CTG_X0652
CTG_X2275,,2G_scl,CTG_X1527
CTG_X2275,,3G_scl,CTG_X1527
CTG_X2276,,2G_scl,CTG_X0845
CTG_X2276,,3G_scl,CTG_X0845
CTG_X2277,,2G_fhl,CTG_X0242
CTG_X2277,,3G_fhl,CTG_X0242
CTG_X2279,,2G_scl,CTG_X0800
CTG_X2279,,3G_scl,CTG_X0800
CTG_X2285,,2G_scl,CTG_X0523
CTG_X2285,,3G_scl,CTG_X0523
CTG_X2290,,2G_scl,CTG_X0277
CTG_X2290,,3G_scl,CTG_X0277
CTG_X2292,,2G_scl,CTG_X0277
CTG_X2292,,3G_scl,CTG_X0277
CTG_X2298,,2G_scl,CTG_X0109
CTG_X2298,,3G_scl,CTG_X0109
CTG_X2305,,2G_scl,CTG_X0828
CTG_X2305,,3G_scl,CTG_X0828
CTG_X2309,,2G_scl,CTG_X1527
CTG_X2314,,2G_scl,CTG_X0845
CTG_X2321,,2G_scl,CTG_X0509
CTG_X2322,,2G_fhl,CTG_X0658
CTG_X2322,,3G_fhl,CTG_X0658
CTG_X2335,,2G_scl,CTG_X0800
CTG_X2335,,3G_scl,CTG_X0800
CTG_X2336,,2G_fhl,CTG_X2336
CTG_X2336,,3G_fhl,CTG_X2336
CTG_X2338,,3G_fhl,CTG_X0609
CTG_X2338,,OM_fhl,CTG_X0609
CTG_X2345,,2G_scl,CTG_X0517_2
CTG_X2345,,3G_scl,CTG_X0517_2
CTG_X2350,,2G_scl,CTG_X2350
CTG_X2350,,3G_scl,CTG_X2350
CTG_X2388,,2G_fhl,CTG_X1389
CTG_X2389,,2G_scl,CTG_X0601
CTG_X2390,,2G_scl,CTG_X1174
CTG_X2390,,3G_scl,CTG_X1174
CTG_X2405,,2G_fhl,CTG_X0077
CTG_X2405,,3G_fhl,CTG_X0077
CTG_X2415,,2G_scl,CTG_X0517_2
CTG_X2415,,3G_scl,CTG_X0517_2
CTG_X9008,,2G_scl,CTG_X0517_2
CTG_X9008,,3G_scl,CTG_X0517_2
CTG_X9010,,2G_scl,CTG_X0274
CTG_X9010,,3G_scl,CTG_X0274
CTG_X9011,,2G_scl,CTG_X0517_2
CTG_X9011,,3G_scl,CTG_X0517_2
CTG_X9029,,2G_scl,CTG_X0517_2
CTG_X9029,,3G_scl,CTG_X0517_2
CTG_X9036,,2G_scl,CTG_X9038
CTG_X9036,,3G_scl,CTG_X9038
CTG_X9037,,2G_scl,CTG_X9038
CTG_X9037,,3G_scl,CTG_X9038
CTG_X9038,,2G_scl,CTG_X9038
CTG_X9038,,3G_scl,CTG_X9038
CTG_X9039,,2G_scl,CTG_X9038
CTG_X9039,,3G_scl,CTG_X9038
CTG_X9040,,2G_scl,CTG_X0776
CTG_X9040,,3G_scl,CTG_X0776
CTG_X9046,,2G_scl,CTG_X0776
CTG_X9046,,3G_scl,CTG_X0776
CTG_X9052,,2G_scl,CTG_X9038
CTG_X9052,,3G_scl,CTG_X9038
CTG0133,,RTN_fhl,CTG_X0132
CTG0234,,"Nokia_LTE Application_BL",CTG_X0363
CTG1801,,"Nokia_LTE Application_BL",CTG_X0657
DHK_B09240,,2G_scl,DHK_X2997
DHK_B09240,,3G_scl,DHK_X2997
DHK_B1443,,2G_scl,DHK_X0255
DHK_B1443,,3G_scl,DHK_X0255
DHK_B2389,,2G_scl,DHK_X4777
DHK_B2389,,3G_scl,DHK_X4777
DHK_B3954,,2G_scl,DHK_B3954
DHK_B3954,,3G_scl,DHK_B3954
DHK_B4465,,2G_scl,DHK_X4777
DHK_B4465,,3G_scl,DHK_X4777
DHK_B4489,,2G_scl,DHK_X2288
DHK_B4489,,3G_scl,DHK_X2288
DHK_B4562,,2G_scl,DHK_X0255
DHK_B4562,,3G_scl,DHK_X0255
DHK_B4609,,2G_scl,DHK_X2288
DHK_B4609,,3G_scl,DHK_X2288
DHK_B4700,,2G_fhl,DHK_B4700
DHK_B4700,,3G_fhl,DHK_B4700
DHK_B4811,,2G_scl,DHK_B4811
DHK_B4963,,2G_scl,DHK_B4963
DHK_B4963,,3G_scl,DHK_B4963
DHK_B5432,,2G_fhl,DHK_B5432
DHK_B5432,,3G_fhl,DHK_B5432
DHK_B5519,,2G_scl,DHK_X2287
DHK_B5519,,3G_scl,DHK_X2287
DHK_B6846,,2G_fhl,DHK_X0850
DHK_G04460,,2G_fhl,DHK_X0064
DHK_G04460,,3G_fhl,DHK_X0064
DHK_G0876,,2G_scl,DHK_X3499
DHK_G0876,,3G_scl,DHK_X3499
DHK_G15460,,2G_scl,DHK_X4633
DHK_G15460,,3G_scl,DHK_X4633
DHK_G2159,,2G_fhl,DHK_X2559
DHK_G24420,,2G_fhl,DHK_X1002
DHK_G24420,,3G_fhl,DHK_X1002
DHK_G24830,,2G_fhl,DHK_X4316
DHK_G3396,,2G_scl,DHK_X0505
DHK_G3396,,3G_scl,DHK_X0505
DHK_G3410,,2G_scl,DHK_X3490
DHK_G3478,,2G_scl,DHK_X3477
DHK_G3586,,2G_scl,DHK_X3393
DHK_G3600,,2G_scl,DHK_X0505
DHK_G3600,,3G_scl,DHK_X0505
DHK_G3674,,2G_scl,DHK_X1851
DHK_G3680,,2G_scl,DHK_X1851
DHK_G3683,,2G_scl,DHK_X0505
DHK_G3683,,3G_scl,DHK_X0505
DHK_G40380,,2G_scl,DHK_X1718
DHK_G40380,,3G_scl,DHK_X1718
DHK_G40930,,2G_scl,DHK_X1718
DHK_G40930,,3G_scl,DHK_X1718
DHK_G4164,,2G_fhl,DHK_X0167
DHK_G4164,,3G_fhl,DHK_X0167
DHK_G4713,,2G_fhl,DHK_X0167
DHK_G4713,,3G_fhl,DHK_X0167
DHK_G52840,,2G_scl,DHK_X2910
DHK_G52840,,3G_scl,DHK_X2910
DHK_G55620,,2G_scl,DHK_X2910
DHK_G55620,,3G_scl,DHK_X2910
DHK_M06580,,2G_fhl,DHK_X1645
DHK_M0763,,2G_fhl,DHK_M0763
DHK_M0953,,2G_fhl,DHK_X1065
DHK_M0953,,3G_fhl,DHK_X1065
DHK_M1227,,2G_scl,DHK_X4777
DHK_M1227,,3G_scl,DHK_X4777
DHK_M1246,,2G_fhl,DHK_M1246
DHK_M1246,,3G_fhl,DHK_M1246
DHK_M12460,,2G_fhl,DHK_X1031
DHK_M1263,,2G_fhl,DHK_M1263
DHK_M1267,,2G_scl,DHK_X0023
DHK_M1278,,2G_scl,DHK_M1278
DHK_M12930,,2G_fhl,DHK_X1047
DHK_M1321,,2G_scl,DHK_X1640
DHK_M1321,,3G_scl,DHK_X1640
DHK_M1334,,2G_fhl,DHK_M1334
DHK_M1334,,3G_fhl,DHK_M1334
DHK_M1342,,2G_scl,DHK_M1342
DHK_M13720,,2G_scl,DHK_X0980
DHK_M1399,,2G_fhl,DHK_M1399
DHK_M1399,,3G_fhl,DHK_M1399
DHK_M2301,,2G_scl,DHK_X0041
DHK_M2301,,3G_scl,DHK_X0041
DHK_M2332,,2G_fhl,DHK_M2332
DHK_M2332,,3G_fhl,DHK_M2332
DHK_M2336,,2G_fhl,DHK_X1086
DHK_M2336,,3G_fhl,DHK_X1086
DHK_M2341,,2G_scl,DHK_M2341
DHK_M2351,,2G_fhl,DHK_M2351
DHK_M23750,,2G_fhl,DHK_X0851
DHK_M23750,,3G_fhl,DHK_X0851
DHK_M2397,,2G_fhl,DHK_M2397
DHK_M2397,,3G_fhl,DHK_M2397
DHK_M2408,,2G_scl,DHK_X0359
DHK_M2408,,3G_scl,DHK_X0359
DHK_M4551,,2G_scl,DHK_X2287
DHK_R0411,,2G_fhl,DHK_X0413
DHK_R0411,,3G_fhl,DHK_X0413
DHK_R05120,,2G_fhl,DHK_X0122
DHK_R05120,,3G_fhl,DHK_X0122
DHK_R0813,,2G_scl,DHK_X0023
DHK_R1243,,2G_scl,DHK_X0516
DHK_R1741,,2G_scl,DHK_X3499
DHK_R1741,,3G_scl,DHK_X3499
DHK_R1789,,2G_scl,DHK_X2259
DHK_R1789,,3G_scl,DHK_X2259
DHK_R2269,,2G_scl,DHK_X1181
DHK_R2269,,3G_scl,DHK_X1181
DHK_R2320,,2G_scl,DHK_X3499
DHK_R2320,,3G_scl,DHK_X3499
DHK_R2413,,2G_fhl,DHK_X0839
DHK_R2436,,2G_scl,DHK_X3566
DHK_R2486,,2G_scl,DHK_X3471
DHK_R2490,,3G_scl,DHK_X3499
DHK_R2490,,OM_scl,DHK_X3499
DHK_R2620,,2G_fhl,DHK_X0167
DHK_R2620,,3G_fhl,DHK_X0167
DHK_R2813,,2G_fhl,DHK_X0454
DHK_R2813,,3G_fhl,DHK_X0454
DHK_R2979,,2G_scl,DHK_X1930
DHK_R2979,,3G_scl,DHK_X1930
DHK_R3133,,2G_fhl,DHK_X2559
DHK_R3301,,2G_fhl,DHK_X1664
DHK_R3301,,3G_fhl,DHK_X1664
DHK_R3910,,2G_fhl,DHK_X0167
DHK_R3910,,3G_fhl,DHK_X0167
DHK_R40880,,2G_fhl,DHK_X0162
DHK_R40880,,3G_fhl,DHK_X0162
DHK_R42350,,2G_scl,DHK_X2684
DHK_R42350,,3G_scl,DHK_X2684
DHK_R4458,,2G_scl,DHK_X0598
DHK_R4506,,2G_scl,DHK_X3499
DHK_R4506,,3G_scl,DHK_X3499
DHK_R4542,,2G_fhl,DHK_X0710
DHK_R4594,,2G_scl,DHK_X0824
DHK_R4594,,3G_scl,DHK_X0824
DHK_R48460,,2G_scl,DHK_X3355
DHK_R5233,,2G_scl,DHK_X4341
DHK_R5233,,3G_scl,DHK_X4341
DHK_R53220,,2G_fhl,DHK_X1146
DHK_R53220,,3G_fhl,DHK_X1146
DHK_R5405,,2G_scl,DHK_X2758
DHK_R5405,,3G_scl,DHK_X2758
DHK_R54050,,3G_scl,DHK_X2910
DHK_R54050,,OM_scl,DHK_X2910
DHK_R5589,,2G_scl,DHK_X1848
DHK_R5595,,2G_scl,DHK_X1851
DHK_R6115,,2G_scl,DHK_X2910
DHK_R6115,,3G_scl,DHK_X2910
DHK_R61150,,3G_scl,DHK_X2910
DHK_R61150,,OM_scl,DHK_X2910
DHK_R61320,,2G_scl,DHK_X3241
DHK_R61320,,3G_scl,DHK_X3241
DHK_R6164,,2G_fhl,DHK_X2773
DHK_R6164,,3G_fhl,DHK_X2773
DHK_R6583,,2G_scl,DHK_X1851
DHK_R6692,,2G_scl,DHK_X0711
DHK_R6692,,3G_scl,DHK_X0711
DHK_R6707,,2G_scl,DHK_X1882
DHK_R6707,,3G_scl,DHK_X1882
DHK_R6803,,2G_fhl,DHK_X1809
DHK_R6803,,3G_fhl,DHK_X1809
DHK_R6826,,2G_fhl,DHK_X3738
DHK_R6826,,3G_fhl,DHK_X3738
DHK_R6939,,2G_fhl,DHK_X1909
DHK_R6939,,3G_fhl,DHK_X1909
DHK_R6950,,2G_fhl,DHK_X0047
DHK_R6950,,3G_fhl,DHK_X0047
DHK_R6952,,2G_fhl,DHK_X0104
DHK_R6952,,3G_fhl,DHK_X0104
DHK_R7058,,2G_scl,DHK_X2079
DHK_R7058,,3G_scl,DHK_X2079
DHK_R7065,,2G_scl,DHK_X1629
DHK_R7065,,3G_scl,DHK_X1629
DHK_S68860,,3G_fhl,DHK_S68860
DHK_S68860,,OM_fhl,DHK_S68860
DHK_S7259,,2G_scl,DHK_S7259
DHK_S7259,,3G_scl,DHK_S7259
DHK_S7260,,3G_fhl,DHK_S7260
DHK_S7260,,OM_fhl,DHK_S7260
DHK_S7261,,2G_fhl,DHK_S7261
DHK_S7261,,3G_fhl,DHK_S7261
DHK_S7265,,2G_scl,DHK_S7265
DHK_S7265,,3G_scl,DHK_S7265
DHK_S7266,,3G_fhl,DHK_S7266
DHK_S7266,,OM_fhl,DHK_S7266
DHK_S7272,,2G_fhl,DHK_S7272
DHK_S7272,,3G_fhl,DHK_S7272
DHK_S7279,,2G_fhl,DHK_S7279
DHK_S7279,,3G_fhl,DHK_S7279
DHK_S7280,,2G_fhl,DHK_S7280
DHK_S7280,,3G_fhl,DHK_S7280
DHK_S7282,,2G_fhl,DHK_S7282
DHK_S7282,,3G_fhl,DHK_S7282
DHK_T_6305,,2G_fhl,DHK_X1909
DHK_T_6305,,3G_fhl,DHK_X1909
DHK_T7283,,2G_scl,DHK_T7283
DHK_T7283,,3G_scl,DHK_T7283
DHK_U0023,,3G_scl,DHK_X0023
DHK_U0023,,OM_scl,DHK_X0023
DHK_U0105,,3G_scl,DHK_X3490
DHK_U0105,,OM_scl,DHK_X3490
DHK_U0109,,3G_scl,DHK_X1848
DHK_U0109,,OM_scl,DHK_X1848
DHK_U0216,,3G_scl,DHK_X3255
DHK_U0216,,OM_scl,DHK_X3255
DHK_U0259,,3G_scl,DHK_X0347
DHK_U0259,,OM_scl,DHK_X0347
DHK_U0596,,3G_fhl," DHK_X0596"
DHK_U0596,,OM_fhl," DHK_X0596"
DHK_U0792,,3G_scl,DHK_X0792
DHK_U0792,,OM_scl,DHK_X0792
DHK_U0794,,3G_fhl,DHK_X0794
DHK_U0794,,OM_fhl,DHK_X0794
DHK_U0813,,3G_scl,DHK_X0023
DHK_U0813,,OM_scl,DHK_X0023
DHK_U0877,,3G_scl,DHK_X0023
DHK_U0877,,OM_scl,DHK_X0023
DHK_U1633,,3G_fhl,DHK_X1633
DHK_U1633,,OM_fhl,DHK_X1633
DHK_U1848,,3G_scl,DHK_X1848
DHK_U1848,,OM_scl,DHK_X1848
DHK_U1851,,3G_scl,DHK_X1851
DHK_U1851,,OM_scl,DHK_X1851
DHK_U1885,,3G_scl,DHK_X3490
DHK_U1885,,OM_scl,DHK_X3490
DHK_U2106,,3G_fhl,DHK_X2559
DHK_U2106,,OM_fhl,DHK_X2559
DHK_U2159,,3G_fhl,DHK_X2559
DHK_U2159,,OM_fhl,DHK_X2559
DHK_U2161,,3G_scl,DHK_X3490
DHK_U2161,,OM_scl,DHK_X3490
DHK_U2413,,3G_fhl,DHK_X0839
DHK_U2413,,OM_fhl,DHK_X0839
DHK_U2559,,3G_fhl,DHK_X2559
DHK_U2559,,OM_fhl,DHK_X2559
DHK_U2747,,3G_fhl,DHK_X2747
DHK_U2747,,OM_fhl,DHK_X2747
DHK_U2749,,3G_scl,DHK_X2749
DHK_U2749,,OM_scl,DHK_X2749
DHK_U2766,,3G_scl,DHK_X1851
DHK_U2766,,OM_scl,DHK_X1851
DHK_U2925,,3G_scl,DHK_X3393
DHK_U2925,,OM_scl,DHK_X3393
DHK_U3151,,3G_scl,DHK_X1848
DHK_U3151,,OM_scl,DHK_X1848
DHK_U3207,,3G_fhl,DHK_X3207
DHK_U3207,,OM_fhl,DHK_X3207
DHK_U3255,,3G_scl,DHK_X3255
DHK_U3255,,OM_scl,DHK_X3255
DHK_U3291,,3G_scl,DHK_X1848
DHK_U3291,,OM_scl,DHK_X1848
DHK_U3292,,3G_scl,DHK_X3471
DHK_U3292,,OM_scl,DHK_X3471
DHK_U3393,,3G_scl,DHK_X3393
DHK_U3393,,OM_scl,DHK_X3393
DHK_U3410,,3G_scl,DHK_X3490
DHK_U3410,,OM_scl,DHK_X3490
DHK_U3471,,3G_scl,DHK_X3471
DHK_U3471,,OM_scl,DHK_X3471
DHK_U3490,,3G_scl,DHK_X3490
DHK_U3490,,OM_scl,DHK_X3490
DHK_U3586,,3G_scl,DHK_X3393
DHK_U3586,,OM_scl,DHK_X3393
DHK_U3615,,3G_scl,DHK_X3255
DHK_U3615,,OM_scl,DHK_X3255
DHK_U3674,,3G_scl,DHK_X1851
DHK_U3674,,OM_scl,DHK_X1851
DHK_U3680,,3G_scl,DHK_X1851
DHK_U3680,,OM_scl,DHK_X1851
DHK_U3827,,3G_fhl,DHK_X1037
DHK_U3827,,OM_fhl,DHK_X1037
DHK_U4053,,3G_scl,DHK_X3393
DHK_U4053,,OM_scl,DHK_X3393
DHK_U4151,,3G_scl,DHK_X1851
DHK_U4151,,OM_scl,DHK_X1851
DHK_U4209,,3G_scl,DHK_X3393
DHK_U4209,,OM_scl,DHK_X3393
DHK_U4332,,3G_scl,DHK_X1851
DHK_U4332,,OM_scl,DHK_X1851
DHK_U4391,,3G_scl,DHK_X1848
DHK_U4391,,OM_scl,DHK_X1848
DHK_U4419,,3G_scl,DHK_X3393
DHK_U4419,,OM_scl,DHK_X3393
DHK_U4426,,3G_scl,DHK_X3490
DHK_U4426,,OM_scl,DHK_X3490
DHK_U4458,,3G_scl,DHK_X0598
DHK_U4458,,OM_scl,DHK_X0598
DHK_U4542,,3G_fhl,DHK_X0710
DHK_U4542,,OM_fhl,DHK_X0710
DHK_U4615,,3G_fhl,DHK_X2559
DHK_U4615,,OM_fhl,DHK_X2559
DHK_U4813,,3G_scl,DHK_X1851
DHK_U4813,,OM_scl,DHK_X1851
DHK_U5118,,3G_scl,DHK_X1848
DHK_U5118,,OM_scl,DHK_X1848
DHK_U5166,,3G_scl,DHK_X1848
DHK_U5166,,OM_scl,DHK_X1848
DHK_U5589,,3G_scl,DHK_X1848
DHK_U5589,,OM_scl,DHK_X1848
DHK_U5590,,3G_scl,DHK_X1848
DHK_U5590,,OM_scl,DHK_X1848
DHK_U5595,,3G_scl,DHK_X1851
DHK_U5595,,OM_scl,DHK_X1851
DHK_U6435,,3G_scl,DHK_X3393
DHK_U6435,,OM_scl,DHK_X3393
DHK_U6583,,3G_scl,DHK_X1851
DHK_U6583,,OM_scl,DHK_X1851
DHK_U6667,,2G_scl,DHK_X0470
DHK_U6667,,3G_scl,DHK_X0470
DHK_U6799,,2G_fhl,DHK_X2285
DHK_U6799,,3G_fhl,DHK_X2285
DHK_U7006,,2G_fhl,DHK_X0084
DHK_U7006,,3G_fhl,DHK_X0084
DHK_U7013,,2G_scl,DHK_X0199
DHK_U7013,,3G_scl,DHK_X0199
DHK_U7078,,2G_fhl,DHK_X2136
DHK_U7078,,3G_fhl,DHK_X2136
DHK_U7105,,2G_fhl,DHK_X1903
DHK_U7105,,3G_fhl,DHK_X1903
DHK_U7119,,2G_scl,DHK_X0314
DHK_U7119,,3G_scl,DHK_X0314
DHK_U7124,,2G_fhl,DHK_X0661
DHK_U7124,,3G_fhl,DHK_X0661
DHK_UA7281,,2G_fhl,DHK_UA7281
DHK_UA7281,,3G_fhl,DHK_UA7281
DHK_UE6406,,2G_fhl,DHK_UE6406
DHK_UE6406,,3G_fhl,DHK_UE6406
DHK_UG6079,,2G_scl,DHK_X1803
DHK_UG6261,,2G_scl,DHK_X1871
DHK_UG6261,,3G_scl,DHK_X1871
DHK_UG6371,,2G_fhl,DHK_X3515
DHK_UG6371,,3G_fhl,DHK_X3515
DHK_UG6380,,2G_fhl,DHK_X3515
DHK_UG6380,,3G_fhl,DHK_X3515
DHK_UM0662,,3G_scl,DHK_X0377
DHK_UM0662,,OM_scl,DHK_X0377
DHK_UM0763,,3G_fhl,DHK_M0763
DHK_UM0763,,OM_fhl,DHK_M0763
DHK_UM0822,,2G_scl,DHK_UM0822
DHK_UM0822,,3G_scl,DHK_UM0822
DHK_UM0881,,3G_scl,DHK_X0648
DHK_UM0881,,OM_scl,DHK_X0648
DHK_UM1206,,3G_scl,DHK_X1013
DHK_UM1206,,OM_scl,DHK_X1013
DHK_UM1207,,3G_scl,DHK_X0377
DHK_UM1207,,OM_scl,DHK_X0377
DHK_UM1208,,3G_scl,DHK_X0291
DHK_UM1208,,OM_scl,DHK_X0291
DHK_UM1214,,3G_scl,DHK_X2072
DHK_UM1214,,OM_scl,DHK_X2072
DHK_UM1230,,3G_scl,DHK_X0291
DHK_UM1230,,OM_scl,DHK_X0291
DHK_UM1263,,3G_fhl,DHK_M1263
DHK_UM1263,,OM_fhl,DHK_M1263
DHK_UM1268,,3G_scl,DHK_X0648
DHK_UM1268,,OM_scl,DHK_X0648
DHK_UM1353,,2G_scl,DHK_UM1353
DHK_UM1353,,3G_scl,DHK_UM1353
DHK_UM2341,,3G_scl,DHK_M2341
DHK_UM2341,,OM_scl,DHK_M2341
DHK_UM2342,,3G_scl,DHK_X2586
DHK_UM2342,,OM_scl,DHK_X2586
DHK_UR1411,,2G_fhl,DHK_X0282
DHK_UR1411,,3G_fhl,DHK_X0282
DHK_UR2557,,2G_fhl,DHK_X1809
DHK_UR2557,,3G_fhl,DHK_X1809
DHK_UR4233,,2G_scl,DHK_X3499
DHK_UR4233,,3G_scl,DHK_X3499
DHK_UR4333,,2G_fhl,DHK_X3401
DHK_UR4333,,3G_fhl,DHK_X3401
DHK_UR4345,,2G_fhl,DHK_X3401
DHK_UR4345,,3G_fhl,DHK_X3401
DHK_UR5045,,2G_fhl,DHK_X0329
DHK_UR5045,,3G_fhl,DHK_X0329
DHK_UW1580,,2G_fhl,DHK_X0006
DHK_UW1580,,3G_fhl,DHK_X0006
DHK_V3906,,3G_scl,DHK_X1897
DHK_V3906,,OM_scl,DHK_X1897
DHK_W0941,,2G_fhl,DHK_X2773
DHK_W0941,,3G_fhl,DHK_X2773
DHK_W2127,,2G_scl,DHK_X3566
DHK_W2638,,2G_fhl,DHK_X4015
DHK_W2638,,3G_fhl,DHK_X4015
DHK_W2866,,2G_fhl,DHK_X1909
DHK_W3254,,2G_fhl,DHK_X4015
DHK_W3254,,3G_fhl,DHK_X4015
DHK_W3359,,2G_fhl,DHK_X3551
DHK_W3359,,3G_fhl,DHK_X3551
DHK_W4128,,2G_fhl,DHK_X1623
DHK_W4128,,3G_fhl,DHK_X1623
DHK_W42050,,2G_scl,DHK_X0458
DHK_W42050,,3G_scl,DHK_X0458
DHK_W4391,,2G_scl,DHK_X1848
DHK_W4426,,2G_scl,DHK_X3490
DHK_W48910,,2G_scl,DHK_X1718
DHK_W48910,,3G_scl,DHK_X1718
DHK_W5171,,2G_scl,DHK_X0066
DHK_W5171,,3G_scl,DHK_X0066
DHK_X0001,,2G_fhl,DHK_X0001
DHK_X0002,,2G_fhl,DHK_X0840
DHK_X0002,,3G_fhl,DHK_X0840
DHK_X0003,,2G_fhl,DHK_X1952
DHK_X0003,,3G_fhl,DHK_X1952
DHK_X0004,,2G_fhl,DHK_X0004
DHK_X0005,,2G_fhl,DHK_X0005
DHK_X0005,,3G_fhl,DHK_X0005
DHK_X0006,,2G_fhl,DHK_X0006
DHK_X0014,,2G_fhl,DHK_X2098
DHK_X0014,,3G_fhl,DHK_X2098
DHK_X0015,,2G_scl,DHK_X0015
DHK_X0015,,3G_scl,DHK_X0015
DHK_X0017,,2G_scl,DHK_X0017
DHK_X0017,,3G_scl,DHK_X0017
DHK_X0019,,2G_fhl,DHK_X0351
DHK_X0019,,3G_fhl,DHK_X0351
DHK_X0021,,2G_fhl,DHK_X0021
DHK_X0023,,2G_scl,DHK_X0023
DHK_X0023,,RTN_scl,DHK_X0023
DHK_X0027,,2G_fhl,DHK_X0027
DHK_X0027,,3G_fhl,DHK_X0027
DHK_X0028,,2G_fhl,DHK_X0028
DHK_X0030,,2G_scl,DHK_X0030
DHK_X0030,,3G_scl,DHK_X0030
DHK_X0031,,2G_scl,DHK_X0316
DHK_X0031,,3G_scl,DHK_X0316
DHK_X0032,,2G_scl,DHK_X0030
DHK_X0032,,3G_scl,DHK_X0030
DHK_X0034,,2G_fhl,DHK_X0034
DHK_X0034,,3G_fhl,DHK_X0034
DHK_X0036,,2G_fhl,DHK_X1004
DHK_X0036,,3G_fhl,DHK_X1004
DHK_X0037,,2G_fhl,DHK_X0037
DHK_X0038,,2G_scl,DHK_X0373
DHK_X0038,,3G_scl,DHK_X0373
DHK_X0041,,2G_scl,DHK_X0041
DHK_X0041,,3G_scl,DHK_X0041
DHK_X0042,,2G_fhl,DHK_X0042
DHK_X0042,,3G_fhl,DHK_X0042
DHK_X0043,,2G_fhl,DHK_X4024
DHK_X0043,,3G_fhl,DHK_X4024
DHK_X0045,,2G_scl,DHK_X2538
DHK_X0045,,3G_scl,DHK_X2538
DHK_X0047,,2G_fhl,DHK_X0047
DHK_X0047,,3G_fhl,DHK_X0047
DHK_X0048,,2G_fhl,DHK_X0661
DHK_X0048,,3G_fhl,DHK_X0661
DHK_X0049,,2G_fhl,DHK_X4112
DHK_X0049,,3G_fhl,DHK_X4112
DHK_X0050,,2G_fhl,DHK_X0050
DHK_X0051,,2G_fhl,DHK_X0051
DHK_X0051,,3G_fhl,DHK_X0051
DHK_X0053,,2G_fhl,DHK_X0053
DHK_X0054,,2G_fhl,DHK_X0021
DHK_X0054,,3G_fhl,DHK_X0021
DHK_X0056,,2G_scl,DHK_X0056
DHK_X0056,,3G_scl,DHK_X0056
DHK_X0058,,2G_fhl,DHK_X0058
DHK_X0058,,3G_fhl,DHK_X0058
DHK_X0060,,2G_fhl,DHK_X1031
DHK_X0060,,3G_fhl,DHK_X1031
DHK_X0063,,2G_fhl,DHK_X0063
DHK_X0064,,2G_fhl,DHK_X0064
DHK_X0066,,2G_fhl,DHK_X0066
DHK_X0067,,2G_fhl,DHK_X0067
DHK_X0067,,3G_fhl,DHK_X0067
DHK_X0068,,2G_scl,DHK_X0068
DHK_X0068,,3G_scl,DHK_X0068
DHK_X0069,,2G_scl,DHK_X0765
DHK_X0069,,3G_scl,DHK_X0765
DHK_X0071,,2G_fhl,DHK_X0071
DHK_X0071,,3G_fhl,DHK_X0071
DHK_X0072,,2G_fhl,DHK_X0072
DHK_X0072,,3G_fhl,DHK_X0072
DHK_X0074,,2G_fhl,DHK_X1085
DHK_X0074,,3G_fhl,DHK_X1085
DHK_X0075,,2G_scl,DHK_X0075
DHK_X0075,,3G_scl,DHK_X0075
DHK_X0079,,2G_scl,DHK_X0442
DHK_X0079,,3G_scl,DHK_X0442
DHK_X0080,,2G_fhl,DHK_X0460
DHK_X0080,,3G_fhl,DHK_X0460
DHK_X0081,,2G_fhl,DHK_X1141
DHK_X0081,,3G_fhl,DHK_X1141
DHK_X0082,,2G_fhl,DHK_X0308
DHK_X0082,,3G_fhl,DHK_X0308
DHK_X0083,,2G_scl,DHK_X0056
DHK_X0083,,3G_scl,DHK_X0056
DHK_X0084,,2G_fhl,DHK_X0084
DHK_X0084,,3G_fhl,DHK_X0084
DHK_X0085,,2G_scl,DHK_X0318
DHK_X0085,,3G_scl,DHK_X0318
DHK_X0088,,2G_scl,DHK_X0088
DHK_X0089,,2G_fhl,DHK_X1634
DHK_X0089,,3G_fhl,DHK_X1634
DHK_X0090,,2G_scl,DHK_X0375
DHK_X0090,,3G_scl,DHK_X0375
DHK_X0092,,2G_fhl,DHK_X0092
DHK_X0095,,2G_scl,DHK_X0099
DHK_X0095,,3G_scl,DHK_X0099
DHK_X0099,,2G_scl,DHK_X0099
DHK_X0099,,3G_scl,DHK_X0099
DHK_X0103,,2G_scl,DHK_X0103
DHK_X0103,,3G_scl,DHK_X0103
DHK_X0104,,2G_fhl,DHK_X0104
DHK_X0104,,3G_fhl,DHK_X0104
DHK_X0105,,2G_scl,DHK_X0107
DHK_X0105,,3G_scl,DHK_X0107
DHK_X0107,,2G_scl,DHK_X0107
DHK_X0107,,3G_scl,DHK_X0107
DHK_X0109,,2G_scl,DHK_X1848
DHK_X0110,,2G_fhl,DHK_X0651
DHK_X0110,,3G_fhl,DHK_X0651
DHK_X0116,,2G_fhl,DHK_X2596
DHK_X0116,,3G_fhl,DHK_X2596
DHK_X0117,,2G_fhl,DHK_X0117
DHK_X0117,,3G_fhl,DHK_X0117
DHK_X0120,,2G_scl,DHK_X3419
DHK_X0120,,3G_scl,DHK_X3419
DHK_X0122,,2G_fhl,DHK_X0122
DHK_X0122,,3G_fhl,DHK_X0122
DHK_X0123,,2G_scl,DHK_X0965
DHK_X0123,,3G_scl,DHK_X0965
DHK_X0125,,2G_scl,DHK_X3262
DHK_X0125,,3G_scl,DHK_X3262
DHK_X0127,,2G_fhl,DHK_X0162
DHK_X0127,,3G_fhl,DHK_X0162
DHK_X0128,,2G_fhl,DHK_X0122
DHK_X0128,,3G_fhl,DHK_X0122
DHK_X01280,,2G_fhl,DHK_X1903
DHK_X01280,,3G_fhl,DHK_X1903
DHK_X0129,,2G_fhl,DHK_X3738
DHK_X0129,,3G_fhl,DHK_X3738
DHK_X0130,,2G_fhl,DHK_X0130
DHK_X0131,,2G_scl,DHK_X1882
DHK_X0131,,3G_scl,DHK_X1882
DHK_X0132,,2G_fhl,DHK_X0130
DHK_X0132,,3G_fhl,DHK_X0130
DHK_X0135,,2G_fhl,DHK_X1903
DHK_X0135,,3G_fhl,DHK_X1903
DHK_X0137,,2G_scl,DHK_X4277
DHK_X0137,,3G_scl,DHK_X4277
DHK_X0140,,2G_scl,DHK_X3420
DHK_X0140,,3G_scl,DHK_X3420
DHK_X0141,,2G_fhl,DHK_X0389
DHK_X0141,,3G_fhl,DHK_X0389
DHK_X0142,,2G_scl,DHK_X0873
DHK_X0142,,3G_scl,DHK_X0873
DHK_X0143,,2G_scl,DHK_X0068
DHK_X0148,,2G_scl,DHK_X0148
DHK_X0148,,3G_scl,DHK_X0148
DHK_X0149,,2G_scl,DHK_X0150
DHK_X0149,,3G_scl,DHK_X0150
DHK_X0150,,2G_scl,DHK_X0150
DHK_X0150,,3G_scl,DHK_X0150
DHK_X0152,,2G_scl,DHK_X0594
DHK_X0152,,3G_scl,DHK_X0594
DHK_X0156,,2G_scl,DHK_X0156
DHK_X0156,,3G_scl,DHK_X0156
DHK_X0157,,2G_scl,DHK_X0156
DHK_X01590,,2G_scl,DHK_X0602
DHK_X0160,,2G_fhl,DHK_X0160
DHK_X0161,,2G_fhl,DHK_X1002
DHK_X0161,,3G_fhl,DHK_X1002
DHK_X0162,,2G_fhl,DHK_X0162
DHK_X0167,,2G_fhl,DHK_X0167
DHK_X0175,,2G_fhl,DHK_X0175
DHK_X0175,,3G_fhl,DHK_X0175
DHK_X0180,,2G_fhl,DHK_X1609
DHK_X0180,,3G_fhl,DHK_X1609
DHK_X0181,,2G_fhl,DHK_X0181
DHK_X0182,,2G_scl,DHK_X2567
DHK_X0182,,3G_scl,DHK_X2567
DHK_X0184,,2G_fhl,DHK_X0034
DHK_X0184,,3G_fhl,DHK_X0034
DHK_X0186,,2G_scl,DHK_X0186
DHK_X0186,,3G_scl,DHK_X0186
DHK_X0187,,2G_fhl,DHK_X0187
DHK_X0187,,3G_fhl,DHK_X0187
DHK_X0188,,2G_fhl,DHK_X1706
DHK_X0188,,3G_fhl,DHK_X1706
DHK_X0189,,2G_scl,DHK_X1793
DHK_X0190,,2G_fhl,DHK_X0190
DHK_X0194,,2G_scl,DHK_X4480
DHK_X0194,,3G_scl,DHK_X4480
DHK_X0195,,2G_fhl,DHK_X1681
DHK_X0195,,3G_fhl,DHK_X1681
DHK_X01950,,2G_fhl,DHK_X2739
DHK_X01950,,3G_fhl,DHK_X2739
DHK_X0197,,2G_scl,DHK_X0197
DHK_X0197,,3G_scl,DHK_X0197
DHK_X0198,,2G_scl,DHK_X3657
DHK_X0199,,2G_scl,DHK_X0199
DHK_X0200,,2G_fhl,DHK_X0200
DHK_X0200,,3G_fhl,DHK_X0200
DHK_X0201,,2G_fhl,DHK_X0351
DHK_X0201,,3G_fhl,DHK_X0351
DHK_X0203,,2G_fhl,DHK_X0458
DHK_X02030,,2G_scl,DHK_X0458
DHK_X02030,,3G_scl,DHK_X0458
DHK_X0209,,2G_scl,DHK_X1196
DHK_X0209,,3G_scl,DHK_X1196
DHK_X0211,,2G_scl,DHK_X1833
DHK_X0211,,3G_scl,DHK_X1833
DHK_X0216,,2G_scl,DHK_X3255
DHK_X0217,,2G_scl,DHK_X3406
DHK_X0219,,2G_fhl,DHK_X0219
DHK_X0224,,2G_fhl,DHK_X0224
DHK_X0224,,3G_fhl,DHK_X0224
DHK_X0227,,2G_scl,DHK_X2211
DHK_X0227,,3G_scl,DHK_X2211
DHK_X0238,,2G_scl,DHK_X3793
DHK_X0238,,3G_scl,DHK_X3793
DHK_X0255,,2G_scl,DHK_X0255
DHK_X0255,,3G_scl,DHK_X0255
DHK_X0256,,2G_scl,DHK_X0256
DHK_X0256,,3G_scl,DHK_X0256
DHK_X0257,,2G_scl,DHK_X1629
DHK_X0257,,3G_scl,DHK_X1629
DHK_X0259,,2G_scl,DHK_X0347
DHK_X0260,,2G_fhl,DHK_X0272
DHK_X0260,,3G_fhl,DHK_X0272
DHK_X0262,,2G_fhl,DHK_X1929
DHK_X0262,,3G_fhl,DHK_X1929
DHK_X0264,,2G_fhl,DHK_X0264
DHK_X0266,,2G_fhl,DHK_X0266
DHK_X0267,,2G_scl,DHK_X0267
DHK_X0267,,3G_scl,DHK_X0267
DHK_X0272,,2G_fhl,DHK_X0272
DHK_X0273,,2G_scl,DHK_X2156
DHK_X0273,,3G_scl,DHK_X2156
DHK_X0280,,2G_scl,DHK_X0280
DHK_X0280,,3G_scl,DHK_X0280
DHK_X0282,,2G_fhl,DHK_X0282
DHK_X0283,,2G_scl,DHK_X0283
DHK_X0283,,3G_scl,DHK_X0283
DHK_X0285,,2G_scl,DHK_X2840
DHK_X0285,,3G_scl,DHK_X2840
DHK_X0288,,2G_scl,DHK_X2987
DHK_X0288,,3G_scl,DHK_X2987
DHK_X0291,,2G_scl,DHK_X0291
DHK_X0292,,2G_fhl,DHK_X1796
DHK_X02920,,2G_fhl,DHK_X1796
DHK_X0293,,2G_fhl,DHK_X0293
DHK_X0294,,2G_scl,DHK_X0294
DHK_X0294,,3G_scl,DHK_X0294
DHK_X0295,,2G_scl,DHK_X0488
DHK_X0295,,3G_scl,DHK_X0488
DHK_X0296,,2G_fhl,DHK_X0028
DHK_X0296,,3G_fhl,DHK_X0028
DHK_X0299,,2G_scl,DHK_X0299
DHK_X0299,,3G_scl,DHK_X0299
DHK_X0300,,2G_fhl,DHK_X0300
DHK_X0301,,2G_scl,DHK_X0041
DHK_X0301,,3G_scl,DHK_X0041
DHK_X0306,,2G_fhl,DHK_X0306
DHK_X0307,,2G_fhl,DHK_X0307
DHK_X0308,,2G_fhl,DHK_X0308
DHK_X0309,,2G_fhl,DHK_X1135
DHK_X0309,,3G_fhl,DHK_X1135
DHK_X0310,,2G_scl,DHK_X0310
DHK_X0310,,3G_scl,DHK_X0310
DHK_X0311,,2G_fhl,DHK_X0733
DHK_X0312,,2G_fhl,DHK_X0563
DHK_X0312,,3G_fhl,DHK_X0563
DHK_X0313,,2G_fhl,DHK_X0313
DHK_X0313,,3G_fhl,DHK_X0313
DHK_X0314,,2G_scl,DHK_X0314
DHK_X0314,,3G_scl,DHK_X0314
DHK_X0315,,2G_fhl,DHK_X0037
DHK_X0315,,3G_fhl,DHK_X0037
DHK_X0316,,2G_scl,DHK_X0316
DHK_X0316,,3G_scl,DHK_X0316
DHK_X0318,,2G_scl,DHK_X0318
DHK_X0318,,3G_scl,DHK_X0318
DHK_X0319,,2G_fhl,DHK_X0672
DHK_X0319,,3G_fhl,DHK_X0672
DHK_X0320,,2G_scl,DHK_X0320
DHK_X0320,,3G_scl,DHK_X0320
DHK_X0322,,2G_scl,DHK_X0322
DHK_X0322,,3G_scl,DHK_X0322
DHK_X0325,,2G_scl,DHK_X0325
DHK_X0325,,3G_scl,DHK_X0325
DHK_X0327,,2G_scl,DHK_X0056
DHK_X0327,,3G_scl,DHK_X0056
DHK_X0328,,2G_fhl,DHK_X2262
DHK_X0328,,3G_fhl,DHK_X2262
DHK_X0329,,2G_fhl,DHK_X0329
DHK_X0331,,2G_fhl,DHK_X0331
DHK_X0332,,2G_fhl,DHK_X3279
DHK_X0332,,3G_fhl,DHK_X3279
DHK_X0333,,2G_scl,DHK_X2591
DHK_X0333,,3G_scl,DHK_X2591
DHK_X0335,,2G_scl,DHK_X1195
DHK_X0335,,3G_scl,DHK_X1195
DHK_X0336,,2G_fhl,DHK_X2299
DHK_X0336,,3G_fhl,DHK_X2299
DHK_X0340,,2G_scl,DHK_X0340
DHK_X0341,,2G_scl,DHK_X2987
DHK_X0341,,3G_scl,DHK_X2987
DHK_X0342,,2G_scl,DHK_X0316
DHK_X0342,,3G_scl,DHK_X0316
DHK_X0343,,2G_fhl,DHK_X0343
DHK_X0346,,2G_scl,DHK_X0346
DHK_X0346,,3G_scl,DHK_X0346
DHK_X0347,,2G_scl,DHK_X0347
DHK_X0347,,3G_scl,DHK_X0347
DHK_X0350,,2G_fhl,DHK_X0350
DHK_X0351,,2G_fhl,DHK_X0351
DHK_X0351,,3G_fhl,DHK_X0351
DHK_X0352,,2G_scl,DHK_X0802
DHK_X0352,,3G_scl,DHK_X0802
DHK_X0353,,2G_fhl,DHK_X0117
DHK_X0353,,3G_fhl,DHK_X0117
DHK_X0355,,2G_fhl,DHK_X2981
DHK_X0355,,3G_fhl,DHK_X2981
DHK_X0356,,2G_fhl,DHK_X0844
DHK_X0356,,3G_fhl,DHK_X0844
DHK_X0358,,2G_fhl,DHK_X1004
DHK_X0358,,3G_fhl,DHK_X1004
DHK_X0359,,2G_scl,DHK_X0359
DHK_X0360,,2G_fhl,DHK_X0028
DHK_X0360,,3G_fhl,DHK_X0028
DHK_X0361,,2G_scl,DHK_X2746
DHK_X0361,,3G_scl,DHK_X2746
DHK_X0362,,2G_scl,DHK_X0362
DHK_X0362,,3G_scl,DHK_X0362
DHK_X0363,,2G_fhl,DHK_X0431
DHK_X0363,,3G_fhl,DHK_X0431
DHK_X0365,,2G_fhl,DHK_X0426
DHK_X0365,,3G_fhl,DHK_X0426
DHK_X0366,,2G_fhl,DHK_X0366
DHK_X0367,,2G_fhl,DHK_X0367
DHK_X0367,,3G_fhl,DHK_X0367
DHK_X0368,,2G_fhl,DHK_X1929
DHK_X0368,,3G_fhl,DHK_X1929
DHK_X0369,,2G_fhl,DHK_X1929
DHK_X0369,,3G_fhl,DHK_X1929
DHK_X0371,,2G_fhl,DHK_X1047
DHK_X0371,,3G_fhl,DHK_X1047
DHK_X0373,,2G_scl,DHK_X0373
DHK_X0375,,2G_scl,DHK_X0375
DHK_X0375,,3G_scl,DHK_X0375
DHK_X0376,,2G_scl,DHK_X0376
DHK_X0376,,3G_scl,DHK_X0376
DHK_X0377,,2G_scl,DHK_X0377
DHK_X0377,,3G_scl,DHK_X0377
DHK_X0380,,2G_fhl,DHK_X0380
DHK_X0381,,2G_scl,DHK_X0381
DHK_X0381,,3G_scl,DHK_X0381
DHK_X0382,,2G_fhl,DHK_X0382
DHK_X0382,,3G_fhl,DHK_X0382
DHK_X0384,,2G_scl,DHK_X0384
DHK_X0386,,2G_fhl,DHK_X0386
DHK_X0389,,2G_fhl,DHK_X0389
DHK_X0389,,3G_fhl,DHK_X0389
DHK_X0391,,2G_fhl,DHK_X1819
DHK_X0394,,2G_scl,DHK_X1639
DHK_X0394,,3G_scl,DHK_X1639
DHK_X0396,,2G_fhl,DHK_X0396
DHK_X0398,,2G_fhl,DHK_X0398
DHK_X0398,,3G_fhl,DHK_X0398
DHK_X0400,,2G_scl,DHK_X3206
DHK_X0400,,3G_scl,DHK_X3206
DHK_X0401,,2G_fhl,DHK_X1140
DHK_X0401,,3G_fhl,DHK_X1140
DHK_X0402,,2G_scl,DHK_X0402
DHK_X0402,,3G_scl,DHK_X0402
DHK_X0403,,2G_scl,DHK_X0347
DHK_X0403,,3G_scl,DHK_X0347
DHK_X0404,,2G_scl,DHK_X1823
DHK_X0404,,3G_scl,DHK_X1823
DHK_X0405,,2G_fhl,DHK_X0405
DHK_X0405,,3G_fhl,DHK_X0405
DHK_X0406,,2G_fhl,DHK_X0406
DHK_X0406,,3G_fhl,DHK_X0406
DHK_X0407,,2G_scl,DHK_X0407
DHK_X0410,,2G_scl,DHK_X4145
DHK_X0410,,3G_scl,DHK_X4145
DHK_X0411,,2G_scl,DHK_X0411
DHK_X0411,,3G_scl,DHK_X0411
DHK_X0413,,2G_fhl,DHK_X0413
DHK_X0413,,3G_fhl,DHK_X0413
DHK_X0414,,2G_fhl,DHK_X0436
DHK_X0414,,3G_fhl,DHK_X0436
DHK_X0417,,2G_fhl,DHK_X0720
DHK_X0417,,3G_fhl,DHK_X0720
DHK_X0419,,2G_fhl,DHK_X0419
DHK_X0423,,2G_scl,DHK_X3206
DHK_X0423,,3G_scl,DHK_X3206
DHK_X0424,,2G_fhl,DHK_X0424
DHK_X0426,,2G_fhl,DHK_X0426
DHK_X0427,,2G_scl,DHK_X0310
DHK_X0427,,3G_scl,DHK_X0310
DHK_X0428,,2G_scl,DHK_X0815
DHK_X0428,,3G_scl,DHK_X0815
DHK_X0429,,2G_fhl,DHK_X0429
DHK_X0431,,2G_fhl,DHK_X0431
DHK_X0431,,3G_fhl,DHK_X0431
DHK_X0436,,2G_fhl,DHK_X0436
DHK_X0436,,3G_fhl,DHK_X0436
DHK_X0437,,2G_scl,DHK_X2020
DHK_X0437,,3G_scl,DHK_X2020
DHK_X0438,,2G_scl,DHK_X0438
DHK_X0438,,3G_scl,DHK_X0438
DHK_X0439,,2G_fhl,DHK_X0056
DHK_X0440,,2G_scl,DHK_X3899
DHK_X0440,,3G_scl,DHK_X3899
DHK_X0441,,2G_scl,DHK_X0473
DHK_X0441,,3G_scl,DHK_X0473
DHK_X0442,,2G_scl,DHK_X0442
DHK_X0442,,3G_scl,DHK_X0442
DHK_X0443,,2G_scl,DHK_X0443
DHK_X0443,,3G_scl,DHK_X0443
DHK_X0444,,2G_scl,DHK_X0873
DHK_X0444,,3G_scl,DHK_X0873
DHK_X0446,,2G_fhl,DHK_X0181
DHK_X0446,,3G_fhl,DHK_X0181
DHK_X0450,,2G_scl," DHK_X0450"
DHK_X0451,,2G_fhl,DHK_X0451
DHK_X0451,,3G_fhl,DHK_X0451
DHK_X0453,,2G_scl,DHK_X0453
DHK_X0453,,3G_scl,DHK_X0453
DHK_X0454,,2G_fhl,DHK_X0454
DHK_X0454,,3G_fhl,DHK_X0454
DHK_X0455,,2G_scl,DHK_X0377
DHK_X0455,,3G_scl,DHK_X0377
DHK_X0458,,2G_scl,DHK_X0458
DHK_X0458,,3G_scl,DHK_X0458
DHK_X0460,,2G_fhl,DHK_X0460
DHK_X0461,,2G_fhl,DHK_X0461
DHK_X0461,,3G_fhl,DHK_X0461
DHK_X0463,,2G_fhl,DHK_X0382
DHK_X0463,,3G_fhl,DHK_X0382
DHK_X0464,,2G_fhl,DHK_X1114
DHK_X0464,,3G_fhl,DHK_X1114
DHK_X0466,,2G_scl,DHK_X1062
DHK_X0466,,3G_scl,DHK_X1062
DHK_X0468,,2G_fhl,DHK_X2252
DHK_X0468,,3G_fhl,DHK_X2252
DHK_X0470,,2G_scl,DHK_X0470
DHK_X0470,,3G_scl,DHK_X0470
DHK_X0472,,2G_fhl,DHK_X0406
DHK_X0472,,3G_fhl,DHK_X0406
DHK_X0473,,2G_scl,DHK_X0473
DHK_X0474,,2G_fhl,DHK_X1819
DHK_X0474,,3G_fhl,DHK_X1819
DHK_X0475,,2G_scl,DHK_X2130
DHK_X0475,,3G_scl,DHK_X2130
DHK_X0476,,2G_scl,DHK_X0598
DHK_X0476,,3G_scl,DHK_X0598
DHK_X0477,,2G_scl,DHK_X0477
DHK_X0477,,3G_scl,DHK_X0477
DHK_X0480,,2G_scl,DHK_X0480
DHK_X0480,,3G_scl,DHK_X0480
DHK_X0481,,2G_fhl,DHK_X1703
DHK_X0481,,3G_fhl,DHK_X1703
DHK_X0482,,2G_scl,DHK_X0516
DHK_X0483,,2G_scl,DHK_X2647
DHK_X0483,,3G_scl,DHK_X2647
DHK_X0485,,2G_scl,DHK_X2639
DHK_X0485,,3G_scl,DHK_X2639
DHK_X0486,,2G_scl,DHK_X0486
DHK_X0488,,2G_scl,DHK_X0488
DHK_X0488,,3G_scl,DHK_X0488
DHK_X0489,,2G_scl,DHK_X2624
DHK_X0489,,3G_scl,DHK_X2624
DHK_X0490,,2G_scl,DHK_X2645
DHK_X0490,,3G_scl,DHK_X2645
DHK_X0491,,2G_scl,DHK_X2755
DHK_X0491,,3G_scl,DHK_X2755
DHK_X0504,,2G_fhl,DHK_X1664
DHK_X0504,,3G_fhl,DHK_X1664
DHK_X0505,,2G_scl,DHK_X0505
DHK_X0508,,2G_scl,DHK_X0346
DHK_X0508,,3G_scl,DHK_X0346
DHK_X0512,,2G_scl,DHK_X0711
DHK_X0516,,2G_scl,DHK_X0516
DHK_X0519,,2G_scl,DHK_X1629
DHK_X0519,,3G_scl,DHK_X1629
DHK_X0521,,2G_scl,DHK_X1169
DHK_X0521,,3G_scl,DHK_X1169
DHK_X0522,,2G_scl,DHK_X1168
DHK_X0522,,3G_scl,DHK_X1168
DHK_X0525,,2G_fhl,DHK_X0742
DHK_X0525,,3G_fhl,DHK_X0742
DHK_X0527,,2G_fhl,DHK_X0742
DHK_X0527,,3G_fhl,DHK_X0742
DHK_X0529,,2G_scl,DHK_X2079
DHK_X0529,,3G_scl,DHK_X2079
DHK_X0531,,2G_scl,DHK_X2528
DHK_X0531,,3G_scl,DHK_X2528
DHK_X0532,,2G_fhl,DHK_X0532
DHK_X0534,,2G_fhl,DHK_X0534
DHK_X0536,,2G_scl,DHK_X1652
DHK_X0536,,3G_scl,DHK_X1652
DHK_X0537,,2G_fhl,DHK_X1668
DHK_X0537,,3G_fhl,DHK_X1668
DHK_X0538,,2G_fhl,DHK_X1664
DHK_X0538,,3G_fhl,DHK_X1664
DHK_X0539,,2G_scl,DHK_X0987
DHK_X0539,,3G_scl,DHK_X0987
DHK_X0543,,2G_scl,DHK_X2208
DHK_X0543,,3G_scl,DHK_X2208
DHK_X0546,,2G_scl,DHK_X2734
DHK_X0546,,3G_scl,DHK_X2734
DHK_X0557,,2G_scl,DHK_X1862
DHK_X0557,,3G_scl,DHK_X1862
DHK_X0562,,2G_fhl,DHK_X0562
DHK_X0563,,2G_fhl,DHK_X0563
DHK_X0563,,3G_fhl,DHK_X0563
DHK_X0564,,2G_fhl,DHK_X0564
DHK_X0564,,3G_fhl,DHK_X0564
